[{"model": "admin.logentry", "pk": 1, "fields": {"action_time": "2021-03-06T15:28:04.086Z", "user": 1, "content_type": 7, "object_id": "1", "object_repr": "safeface.example.com", "action_flag": 2, "change_message": "[{\"changed\": {\"fields\": [\"Domain name\", \"Display name\"]}}]"}}, {"model": "admin.logentry", "pk": 2, "fields": {"action_time": "2021-03-06T15:37:42.718Z", "user": 1, "content_type": 8, "object_id": "1", "object_repr": "cdolan@gizagig.com", "action_flag": 2, "change_message": "[{\"changed\": {\"fields\": [\"Verified\", \"Primary\"]}}]"}}, {"model": "admin.logentry", "pk": 3, "fields": {"action_time": "2021-03-09T22:58:49.372Z", "user": 1, "content_type": 14, "object_id": "1", "object_repr": "fabric_masks", "action_flag": 1, "change_message": "[{\"added\": {}}]"}}, {"model": "admin.logentry", "pk": 4, "fields": {"action_time": "2021-03-09T22:59:03.019Z", "user": 1, "content_type": 14, "object_id": "2", "object_repr": "medical_masks", "action_flag": 1, "change_message": "[{\"added\": {}}]"}}, {"model": "admin.logentry", "pk": 5, "fields": {"action_time": "2021-03-09T22:59:16.912Z", "user": 1, "content_type": 14, "object_id": "3", "object_repr": "shield_masks", "action_flag": 1, "change_message": "[{\"added\": {}}]"}}, {"model": "admin.logentry", "pk": 6, "fields": {"action_time": "2021-03-09T22:59:29.513Z", "user": 1, "content_type": 14, "object_id": "4", "object_repr": "snood_masks", "action_flag": 1, "change_message": "[{\"added\": {}}]"}}, {"model": "admin.logentry", "pk": 7, "fields": {"action_time": "2021-03-09T23:08:35.557Z", "user": 1, "content_type": 13, "object_id": "1", "object_repr": "fabric_mask_3d", "action_flag": 1, "change_message": "[{\"added\": {}}]"}}, {"model": "admin.logentry", "pk": 8, "fields": {"action_time": "2021-03-09T23:09:11.546Z", "user": 1, "content_type": 13, "object_id": "2", "object_repr": "dual_vertex_fabric_mask", "action_flag": 1, "change_message": "[{\"added\": {}}]"}}, {"model": "admin.logentry", "pk": 9, "fields": {"action_time": "2021-03-09T23:09:40.347Z", "user": 1, "content_type": 13, "object_id": "3", "object_repr": "maskari_fabric_mask", "action_flag": 1, "change_message": "[{\"added\": {}}]"}}, {"model": "admin.logentry", "pk": 10, "fields": {"action_time": "2021-03-09T23:13:46.079Z", "user": 1, "content_type": 13, "object_id": "4", "object_repr": "ffp2_mask", "action_flag": 1, "change_message": "[{\"added\": {}}]"}}, {"model": "admin.logentry", "pk": 11, "fields": {"action_time": "2021-03-09T23:14:19.152Z", "user": 1, "content_type": 13, "object_id": "5", "object_repr": "type_I_mask", "action_flag": 1, "change_message": "[{\"added\": {}}]"}}, {"model": "admin.logentry", "pk": 12, "fields": {"action_time": "2021-03-09T23:14:52.786Z", "user": 1, "content_type": 13, "object_id": "6", "object_repr": "type_II_mask", "action_flag": 1, "change_message": "[{\"added\": {}}]"}}, {"model": "admin.logentry", "pk": 13, "fields": {"action_time": "2021-03-09T23:15:22.522Z", "user": 1, "content_type": 13, "object_id": "7", "object_repr": "type_IIR_mask", "action_flag": 1, "change_message": "[{\"added\": {}}]"}}, {"model": "admin.logentry", "pk": 14, "fields": {"action_time": "2021-03-09T23:15:27.082Z", "user": 1, "content_type": 13, "object_id": "7", "object_repr": "type_IIR_mask", "action_flag": 2, "change_message": "[]"}}, {"model": "admin.logentry", "pk": 15, "fields": {"action_time": "2021-03-09T23:15:57.688Z", "user": 1, "content_type": 13, "object_id": "8", "object_repr": "shield_mask", "action_flag": 1, "change_message": "[{\"added\": {}}]"}}, {"model": "admin.logentry", "pk": 16, "fields": {"action_time": "2021-03-09T23:16:26.104Z", "user": 1, "content_type": 13, "object_id": "9", "object_repr": "glasses_shield_mask", "action_flag": 1, "change_message": "[{\"added\": {}}]"}}, {"model": "admin.logentry", "pk": 17, "fields": {"action_time": "2021-03-09T23:17:14.251Z", "user": 1, "content_type": 13, "object_id": "10", "object_repr": "mouth_shield_mask", "action_flag": 1, "change_message": "[{\"added\": {}}]"}}, {"model": "admin.logentry", "pk": 18, "fields": {"action_time": "2021-03-09T23:17:44.023Z", "user": 1, "content_type": 13, "object_id": "11", "object_repr": "rockbrook_snood", "action_flag": 1, "change_message": "[{\"added\": {}}]"}}, {"model": "admin.logentry", "pk": 19, "fields": {"action_time": "2021-03-09T23:18:16.062Z", "user": 1, "content_type": 13, "object_id": "12", "object_repr": "snood_three_mask", "action_flag": 1, "change_message": "[{\"added\": {}}]"}}, {"model": "admin.logentry", "pk": 20, "fields": {"action_time": "2021-03-09T23:18:46.068Z", "user": 1, "content_type": 13, "object_id": "13", "object_repr": "goldvejoy_snood", "action_flag": 1, "change_message": "[{\"added\": {}}]"}}, {"model": "admin.logentry", "pk": 21, "fields": {"action_time": "2021-03-09T23:19:27.738Z", "user": 1, "content_type": 13, "object_id": "13", "object_repr": "goldvejoy_snood", "action_flag": 2, "change_message": "[{\"changed\": {\"fields\": [\"Image\"]}}]"}}, {"model": "admin.logentry", "pk": 22, "fields": {"action_time": "2021-03-09T23:22:08.882Z", "user": 1, "content_type": 13, "object_id": "13", "object_repr": "goldvejoy_snood", "action_flag": 2, "change_message": "[{\"changed\": {\"fields\": [\"Image2\", \"Image3\"]}}]"}}, {"model": "admin.logentry", "pk": 23, "fields": {"action_time": "2021-03-09T23:52:05.070Z", "user": 1, "content_type": 13, "object_id": "12", "object_repr": "snood_three_mask", "action_flag": 2, "change_message": "[{\"changed\": {\"fields\": [\"Image1\", \"Image2\", \"Image3\"]}}]"}}, {"model": "admin.logentry", "pk": 24, "fields": {"action_time": "2021-03-09T23:52:36.955Z", "user": 1, "content_type": 13, "object_id": "11", "object_repr": "rockbrook_snood", "action_flag": 2, "change_message": "[{\"changed\": {\"fields\": [\"Image1\", \"Image2\", \"Image3\"]}}]"}}, {"model": "admin.logentry", "pk": 25, "fields": {"action_time": "2021-03-09T23:53:20.056Z", "user": 1, "content_type": 13, "object_id": "10", "object_repr": "mouth_shield_mask", "action_flag": 2, "change_message": "[{\"changed\": {\"fields\": [\"Image1\", \"Image2\", \"Image3\"]}}]"}}, {"model": "admin.logentry", "pk": 26, "fields": {"action_time": "2021-03-09T23:53:54.059Z", "user": 1, "content_type": 13, "object_id": "9", "object_repr": "glasses_shield_mask", "action_flag": 2, "change_message": "[{\"changed\": {\"fields\": [\"Image1\", \"Image2\", \"Image3\"]}}]"}}, {"model": "admin.logentry", "pk": 27, "fields": {"action_time": "2021-03-09T23:56:27.523Z", "user": 1, "content_type": 13, "object_id": "8", "object_repr": "shield_mask", "action_flag": 2, "change_message": "[{\"changed\": {\"fields\": [\"Image1\", \"Image2\", \"Image3\"]}}]"}}, {"model": "admin.logentry", "pk": 28, "fields": {"action_time": "2021-03-09T23:56:56.257Z", "user": 1, "content_type": 13, "object_id": "7", "object_repr": "type_IIR_mask", "action_flag": 2, "change_message": "[{\"changed\": {\"fields\": [\"Image1\", \"Image2\", \"Image3\"]}}]"}}, {"model": "admin.logentry", "pk": 29, "fields": {"action_time": "2021-03-09T23:57:23.841Z", "user": 1, "content_type": 13, "object_id": "6", "object_repr": "type_II_mask", "action_flag": 2, "change_message": "[{\"changed\": {\"fields\": [\"Image1\", \"Image2\", \"Image3\"]}}]"}}, {"model": "admin.logentry", "pk": 30, "fields": {"action_time": "2021-03-09T23:57:49.246Z", "user": 1, "content_type": 13, "object_id": "5", "object_repr": "type_I_mask", "action_flag": 2, "change_message": "[{\"changed\": {\"fields\": [\"Image1\", \"Image2\", \"Image3\"]}}]"}}, {"model": "admin.logentry", "pk": 31, "fields": {"action_time": "2021-03-09T23:58:15.532Z", "user": 1, "content_type": 13, "object_id": "4", "object_repr": "ffp2_mask", "action_flag": 2, "change_message": "[{\"changed\": {\"fields\": [\"Image1\", \"Image2\", \"Image3\"]}}]"}}, {"model": "admin.logentry", "pk": 32, "fields": {"action_time": "2021-03-09T23:58:43.794Z", "user": 1, "content_type": 13, "object_id": "3", "object_repr": "maskari_fabric_mask", "action_flag": 2, "change_message": "[{\"changed\": {\"fields\": [\"Image1\", \"Image2\", \"Image3\"]}}]"}}, {"model": "admin.logentry", "pk": 33, "fields": {"action_time": "2021-03-09T23:59:38.898Z", "user": 1, "content_type": 13, "object_id": "2", "object_repr": "dual_vertex_fabric_mask", "action_flag": 2, "change_message": "[{\"changed\": {\"fields\": [\"Image1\", \"Image2\", \"Image3\"]}}]"}}, {"model": "admin.logentry", "pk": 34, "fields": {"action_time": "2021-03-10T00:00:15.667Z", "user": 1, "content_type": 13, "object_id": "1", "object_repr": "fabric_mask_3d", "action_flag": 2, "change_message": "[{\"changed\": {\"fields\": [\"Image1\", \"Image2\", \"Image3\"]}}]"}}, {"model": "admin.logentry", "pk": 35, "fields": {"action_time": "2021-03-10T00:33:10.150Z", "user": 1, "content_type": 13, "object_id": "7", "object_repr": "type_IIR_mask", "action_flag": 3, "change_message": ""}}, {"model": "admin.logentry", "pk": 36, "fields": {"action_time": "2021-03-10T20:04:21.223Z", "user": 1, "content_type": 13, "object_id": "13", "object_repr": "goldvejoy_snood", "action_flag": 2, "change_message": "[{\"changed\": {\"fields\": [\"Image1 url\", \"Image2 url\", \"Image3 url\"]}}]"}}, {"model": "admin.logentry", "pk": 37, "fields": {"action_time": "2021-03-14T14:31:25.159Z", "user": 1, "content_type": 13, "object_id": "4", "object_repr": "ffp2_mask", "action_flag": 2, "change_message": "[{\"changed\": {\"fields\": [\"Certification\", \"Standard\", \"Dimensions\", \"Material\"]}}]"}}, {"model": "admin.logentry", "pk": 38, "fields": {"action_time": "2021-03-15T23:50:19.581Z", "user": 1, "content_type": 13, "object_id": "1", "object_repr": "fabric_mask_3d", "action_flag": 2, "change_message": "[{\"changed\": {\"fields\": [\"Certification\", \"Standard\", \"Dimensions\", \"Material\", \"Qty 1\", \"Price 1\", \"Qty 2\", \"Price 2\", \"Qty 3\", \"Price 3\", \"Qty 4\", \"Price 4\", \"Qty 5\", \"Price 5\"]}}]"}}, {"model": "admin.logentry", "pk": 39, "fields": {"action_time": "2021-03-15T23:50:55.785Z", "user": 1, "content_type": 13, "object_id": "2", "object_repr": "dual_vertex_fabric_mask", "action_flag": 2, "change_message": "[{\"changed\": {\"fields\": [\"Certification\", \"Standard\", \"Dimensions\", \"Material\", \"Qty 1\", \"Price 1\", \"Qty 2\", \"Price 2\", \"Qty 3\", \"Price 3\", \"Qty 4\", \"Price 4\", \"Qty 5\", \"Price 5\"]}}]"}}, {"model": "admin.logentry", "pk": 40, "fields": {"action_time": "2021-03-15T23:51:19.708Z", "user": 1, "content_type": 13, "object_id": "3", "object_repr": "maskari_fabric_mask", "action_flag": 2, "change_message": "[{\"changed\": {\"fields\": [\"Certification\", \"Standard\", \"Dimensions\", \"Material\", \"Qty 1\", \"Price 1\", \"Qty 2\", \"Price 2\", \"Qty 3\", \"Price 3\", \"Qty 4\", \"Price 4\", \"Qty 5\", \"Price 5\"]}}]"}}, {"model": "admin.logentry", "pk": 41, "fields": {"action_time": "2021-03-15T23:52:50.330Z", "user": 1, "content_type": 13, "object_id": "4", "object_repr": "ffp2_mask", "action_flag": 2, "change_message": "[{\"changed\": {\"fields\": [\"Price 1\", \"Price 2\", \"Price 3\", \"Price 4\", \"Price 5\"]}}]"}}, {"model": "admin.logentry", "pk": 42, "fields": {"action_time": "2021-03-15T23:53:23.085Z", "user": 1, "content_type": 13, "object_id": "5", "object_repr": "type_I_mask", "action_flag": 2, "change_message": "[{\"changed\": {\"fields\": [\"Certification\", \"Standard\", \"Dimensions\", \"Material\"]}}]"}}, {"model": "admin.logentry", "pk": 43, "fields": {"action_time": "2021-03-15T23:53:53.105Z", "user": 1, "content_type": 13, "object_id": "6", "object_repr": "type_II_mask", "action_flag": 2, "change_message": "[{\"changed\": {\"fields\": [\"Certification\", \"Standard\", \"Dimensions\", \"Material\", \"Price 1\", \"Price 2\", \"Price 3\", \"Price 4\", \"Price 5\"]}}]"}}, {"model": "admin.logentry", "pk": 44, "fields": {"action_time": "2021-03-15T23:55:29.359Z", "user": 1, "content_type": 13, "object_id": "8", "object_repr": "shield_mask", "action_flag": 2, "change_message": "[{\"changed\": {\"fields\": [\"Certification\", \"Standard\", \"Dimensions\", \"Material\", \"Price 1\", \"Price 2\", \"Price 3\", \"Price 4\", \"Price 5\"]}}]"}}, {"model": "admin.logentry", "pk": 45, "fields": {"action_time": "2021-03-15T23:56:31.288Z", "user": 1, "content_type": 13, "object_id": "9", "object_repr": "glasses_shield_mask", "action_flag": 2, "change_message": "[{\"changed\": {\"fields\": [\"Certification\", \"Standard\", \"Dimensions\", \"Material\", \"Qty 1\", \"Price 1\", \"Qty 2\", \"Price 2\", \"Qty 3\", \"Price 3\", \"Qty 4\", \"Price 4\", \"Qty 5\", \"Price 5\"]}}]"}}, {"model": "admin.logentry", "pk": 46, "fields": {"action_time": "2021-03-15T23:57:14.768Z", "user": 1, "content_type": 13, "object_id": "10", "object_repr": "mouth_shield_mask", "action_flag": 2, "change_message": "[{\"changed\": {\"fields\": [\"Certification\", \"Standard\", \"Dimensions\", \"Material\", \"Qty 1\", \"Price 1\", \"Qty 2\", \"Price 2\", \"Qty 3\", \"Price 3\", \"Qty 4\", \"Price 4\", \"Qty 5\", \"Price 5\"]}}]"}}, {"model": "admin.logentry", "pk": 47, "fields": {"action_time": "2021-03-15T23:58:45.498Z", "user": 1, "content_type": 13, "object_id": "11", "object_repr": "rockbrook_snood", "action_flag": 2, "change_message": "[{\"changed\": {\"fields\": [\"Certification\", \"Standard\", \"Dimensions\", \"Material\", \"Qty 1\", \"Price 1\", \"Qty 2\", \"Price 2\", \"Qty 3\", \"Price 3\", \"Qty 4\", \"Price 4\", \"Qty 5\", \"Price 5\"]}}]"}}, {"model": "admin.logentry", "pk": 48, "fields": {"action_time": "2021-03-15T23:59:47.505Z", "user": 1, "content_type": 13, "object_id": "12", "object_repr": "snood_three_mask", "action_flag": 2, "change_message": "[{\"changed\": {\"fields\": [\"Certification\", \"Standard\", \"Dimensions\", \"Material\", \"Qty 1\", \"Price 1\", \"Qty 2\", \"Price 2\", \"Qty 3\", \"Price 3\", \"Qty 4\", \"Price 4\", \"Qty 5\", \"Price 5\"]}}]"}}, {"model": "admin.logentry", "pk": 49, "fields": {"action_time": "2021-03-16T00:00:52.698Z", "user": 1, "content_type": 13, "object_id": "13", "object_repr": "goldvejoy_snood", "action_flag": 2, "change_message": "[{\"changed\": {\"fields\": [\"Certification\", \"Standard\", \"Dimensions\", \"Material\", \"Qty 1\", \"Price 1\", \"Qty 2\", \"Price 2\", \"Qty 3\", \"Price 3\", \"Qty 4\", \"Price 4\", \"Qty 5\", \"Price 5\"]}}]"}}, {"model": "admin.logentry", "pk": 50, "fields": {"action_time": "2021-03-19T19:36:05.174Z", "user": 3, "content_type": 4, "object_id": "3", "object_repr": "CDolan1", "action_flag": 2, "change_message": "[{\"changed\": {\"fields\": [\"First name\", \"Last name\"]}}]"}}, {"model": "admin.logentry", "pk": 51, "fields": {"action_time": "2021-03-20T16:21:03.062Z", "user": 3, "content_type": 15, "object_id": "14", "object_repr": "9495EA8E7FC94E9C8A39D201A53E68D8", "action_flag": 3, "change_message": ""}}, {"model": "admin.logentry", "pk": 52, "fields": {"action_time": "2021-03-20T16:21:03.101Z", "user": 3, "content_type": 15, "object_id": "13", "object_repr": "93DB9BAAC407492C8B6E1395F6373E69", "action_flag": 3, "change_message": ""}}, {"model": "admin.logentry", "pk": 53, "fields": {"action_time": "2021-03-20T16:21:03.133Z", "user": 3, "content_type": 15, "object_id": "12", "object_repr": "D115605D69C249868222550B872BAF18", "action_flag": 3, "change_message": ""}}, {"model": "admin.logentry", "pk": 54, "fields": {"action_time": "2021-03-20T16:21:03.166Z", "user": 3, "content_type": 15, "object_id": "11", "object_repr": "282B7342F43E409F95967CB522606564", "action_flag": 3, "change_message": ""}}, {"model": "admin.logentry", "pk": 55, "fields": {"action_time": "2021-03-20T16:21:03.198Z", "user": 3, "content_type": 15, "object_id": "10", "object_repr": "BBA7334A54504BCAAA565EFE3F6B3DD1", "action_flag": 3, "change_message": ""}}, {"model": "admin.logentry", "pk": 56, "fields": {"action_time": "2021-03-20T16:21:03.230Z", "user": 3, "content_type": 15, "object_id": "9", "object_repr": "F524F08AC4CF4BC1B4549D934E19F4D3", "action_flag": 3, "change_message": ""}}, {"model": "admin.logentry", "pk": 57, "fields": {"action_time": "2021-03-20T16:21:03.263Z", "user": 3, "content_type": 15, "object_id": "8", "object_repr": "AE2A9426DA60407C81B7855D4AFBBA4F", "action_flag": 3, "change_message": ""}}, {"model": "admin.logentry", "pk": 58, "fields": {"action_time": "2021-03-20T16:21:03.295Z", "user": 3, "content_type": 15, "object_id": "7", "object_repr": "381D4DF444154BB49056FAFDBBC57C22", "action_flag": 3, "change_message": ""}}, {"model": "admin.logentry", "pk": 59, "fields": {"action_time": "2021-03-20T16:21:03.327Z", "user": 3, "content_type": 15, "object_id": "6", "object_repr": "64203BFDDF574815A82B8E3E28FA836C", "action_flag": 3, "change_message": ""}}, {"model": "admin.logentry", "pk": 60, "fields": {"action_time": "2021-03-20T16:21:03.358Z", "user": 3, "content_type": 15, "object_id": "5", "object_repr": "95394666EA67432A8DDC653949B2B7C6", "action_flag": 3, "change_message": ""}}, {"model": "admin.logentry", "pk": 61, "fields": {"action_time": "2021-03-20T16:21:03.391Z", "user": 3, "content_type": 15, "object_id": "4", "object_repr": "C341DA48E6DD49EF983CB0E73543B309", "action_flag": 3, "change_message": ""}}, {"model": "admin.logentry", "pk": 62, "fields": {"action_time": "2021-03-20T16:21:03.422Z", "user": 3, "content_type": 15, "object_id": "3", "object_repr": "FF16E8C43AC24916ABFE10D430F6D2D6", "action_flag": 3, "change_message": ""}}, {"model": "admin.logentry", "pk": 63, "fields": {"action_time": "2021-03-20T16:21:03.456Z", "user": 3, "content_type": 15, "object_id": "2", "object_repr": "671A88C208C9426E810DAFA2B076AC38", "action_flag": 3, "change_message": ""}}, {"model": "admin.logentry", "pk": 64, "fields": {"action_time": "2021-03-20T16:21:03.488Z", "user": 3, "content_type": 15, "object_id": "1", "object_repr": "72531F86289D43808CAAE89034157398", "action_flag": 3, "change_message": ""}}, {"model": "admin.logentry", "pk": 65, "fields": {"action_time": "2021-03-20T22:04:10.584Z", "user": 3, "content_type": 13, "object_id": "1", "object_repr": "fabric_mask_3d", "action_flag": 2, "change_message": "[{\"changed\": {\"fields\": [\"Price\"]}}]"}}, {"model": "admin.logentry", "pk": 66, "fields": {"action_time": "2021-03-20T22:05:49.335Z", "user": 3, "content_type": 13, "object_id": "1", "object_repr": "fabric_mask_3d", "action_flag": 2, "change_message": "[{\"changed\": {\"fields\": [\"Price\"]}}]"}}, {"model": "admin.logentry", "pk": 67, "fields": {"action_time": "2021-03-21T00:58:19.973Z", "user": 3, "content_type": 15, "object_id": "59", "object_repr": "3DC392E85E87477BB4CBCB7A4BF6DDA7", "action_flag": 2, "change_message": "[{\"changed\": {\"fields\": [\"Original bag\"]}}, {\"changed\": {\"name\": \"order line item\", \"object\": \"SKU sn02 on order 3DC392E85E87477BB4CBCB7A4BF6DDA7\", \"fields\": [\"Quantity\"]}}]"}}, {"model": "auth.user", "pk": 1, "fields": {"password": "pbkdf2_sha256$216000$hmvLygPkxLjE$H3ZAxoYXZYIr42Y6/kDscLYxkj9urV7hDKgb56uSZME=", "last_login": "2021-03-19T19:24:11.002Z", "is_superuser": true, "username": "CDolan", "first_name": "", "last_name": "", "email": "cdolan@gizagig.com", "is_staff": true, "is_active": true, "date_joined": "2021-03-06T14:57:58.387Z", "groups": [], "user_permissions": []}}, {"model": "auth.user", "pk": 2, "fields": {"password": "pbkdf2_sha256$216000$Xsycc2vZTdOg$fGM3aUC2M4ExQy2QPGGPxhw3KkX3sOp8nbKF7rAit9Q=", "last_login": "2021-03-07T09:56:38.933Z", "is_superuser": false, "username": "kadovaw", "first_name": "", "last_name": "", "email": "kadovaw493@onzmail.com", "is_staff": false, "is_active": true, "date_joined": "2021-03-06T16:49:00.485Z", "groups": [], "user_permissions": []}}, {"model": "auth.user", "pk": 3, "fields": {"password": "pbkdf2_sha256$216000$5aHQQGROu8Fn$4Xb8Bb1sY6xtWDHBGV0BBh1znEE2s1lSewyhERYA9YE=", "last_login": "2021-03-25T21:03:38.903Z", "is_superuser": true, "username": "CDolan1", "first_name": "Cathal", "last_name": "Dolan", "email": "cdolan1@gizagig.com", "is_staff": true, "is_active": true, "date_joined": "2021-03-19T19:23:51Z", "groups": [], "user_permissions": []}}, {"model": "auth.user", "pk": 4, "fields": {"password": "pbkdf2_sha256$216000$Ud491NNdBWLi$vGSxgN5uVt+WYLHPMe+wAYwLBX0x1ocYSUYoIUv8R5s=", "last_login": "2021-03-19T21:26:07.249Z", "is_superuser": false, "username": "test1", "first_name": "", "last_name": "", "email": "test1@gizagig.com", "is_staff": false, "is_active": true, "date_joined": "2021-03-19T21:15:35.007Z", "groups": [], "user_permissions": []}}, {"model": "auth.user", "pk": 5, "fields": {"password": "pbkdf2_sha256$216000$lVJXtt2DLovv$QPitnY8dzdtK8K5oo0bJcCUqmWyGb0gDBK8mC5+Y+/U=", "last_login": "2021-03-22T22:58:01.950Z", "is_superuser": false, "username": "test23", "first_name": "", "last_name": "", "email": "test23@gizagig.com", "is_staff": false, "is_active": true, "date_joined": "2021-03-22T22:57:03.899Z", "groups": [], "user_permissions": []}}, {"model": "auth.user", "pk": 6, "fields": {"password": "pbkdf2_sha256$216000$OBbK4zaIlfR4$E1YJBd0INPRHtA5CZCLpWfNhZQeu7za7LTSl+0dYfgE=", "last_login": "2021-03-24T18:49:11.498Z", "is_superuser": false, "username": "CDolan2", "first_name": "", "last_name": "", "email": "cdolan2@gizagig.com", "is_staff": false, "is_active": true, "date_joined": "2021-03-24T12:52:03.156Z", "groups": [], "user_permissions": []}}, {"model": "auth.user", "pk": 7, "fields": {"password": "pbkdf2_sha256$216000$YQAMvlhak2E1$pRPzNWgwP9Qj1vJ+9aR4Y77pT4SdrwmoJG7RLcrhdzE=", "last_login": "2021-03-25T20:40:49.888Z", "is_superuser": false, "username": "CDolan3", "first_name": "", "last_name": "", "email": "cdolan3@gizagig.com", "is_staff": false, "is_active": true, "date_joined": "2021-03-25T18:45:30.864Z", "groups": [], "user_permissions": []}}, {"model": "sessions.session", "pk": "2ogcmw0tz699mo503y98zq2b838yg6y3", "fields": {"session_data": "eyJjYXJ0Ijp7IjUiOjUwfX0:1lMwUO:yw27M5-APycBGniQ4nYMgbYgxb9U90gYiAduBKspGiI", "expire_date": "2021-04-01T17:31:16.234Z"}}, {"model": "sessions.session", "pk": "2qvroniqt0xv5fcub7bpa55tupsypll4", "fields": {"session_data": ".eJxVjMEOwiAQBf-FsyGUbQr06N1vIAssFjVgoE00xn9Xkh70-mbmvZjFbV3s1qjaFNjMBnb43Rz6K-UOwgXzuXBf8lqT413hO238VALdjrv7d7BgW761jqji5LzQChQpI02QDoZoYBxFMBAH1CSkiuBRTBEkKS2dRiGhp66fNmotlWzpcU_1yWbx_gB_-z7q:1lIZTb:1n39YJYzjpoLUrNW4x8fD0rOcs5-PE4UZxvXXcTSZWk", "expire_date": "2021-03-20T16:08:23.364Z"}}, {"model": "sessions.session", "pk": "30fautsiyrfm7qoy49rgjjz6asbaltg4", "fields": {"session_data": "eyJjYXJ0Ijp7IjkiOjE3MH19:1lLxnC:kG5rwtgul27brVLnMmd8sEgw-XBGJXWleBFNSCybBIw", "expire_date": "2021-03-30T00:42:38.414Z"}}, {"model": "sessions.session", "pk": "3tj38n3fybwcs05155s6wrhuj3jjswug", "fields": {"session_data": ".eJxVjMsOwiAQRf9l1qYB-5qydO83kGEYLGrAQGs0jf9umrhxe8-5Z4NKT7ExhQwm0L3KAZjKAmYD3YLpPwewtC6zXasUGz0YaOFvc8Q3STvwV0qX3HBOS4mu2ZXmR2tzzl7up5_7F5ipzvt7pGPf4SAaJ9UOLIpYeOiDQ_Y4Yqc7R3qiIage2aFyjF5ppZDDhO24R6vUGnOy8nrE8gajPl90vUnr:1lPX8l:yvWU3ezGy01-700Gvuyou1KrteTW48aPjT7aen2ZguM", "expire_date": "2021-04-08T21:03:39.100Z"}}, {"model": "sessions.session", "pk": "3uvmymk1ksi02lacim17686rcy9cnffx", "fields": {"session_data": ".eJxVjMEOwiAQBf-FsyGUbQr06N1vIAssFjVgoE00xn9Xkh70-mbmvZjFbV3s1qjaFNjMBnb43Rz6K-UOwgXzuXBf8lqT413hO238VALdjrv7d7BgW761jqji5LzQChQpI02QDoZoYBxFMBAH1CSkiuBRTBEkKS2dRiGhp66fNmotlWzpcU_1yWbx_gB_-z7q:1lIa4o:Cx0WvTZCirPHve06RsOQm18w0ewaFuaiBGQzdAmycoc", "expire_date": "2021-03-20T16:46:50.238Z"}}, {"model": "sessions.session", "pk": "5e43rriikqhkbkh66g0kmmit8txnzwke", "fields": {"session_data": "eyJjYXJ0Ijp7IjkiOjZ9fQ:1lLOzQ:Xlt9v6y_hkTP0X8rI7WtucTugdbxDgqHz454glbi4DU", "expire_date": "2021-03-28T11:32:56.186Z"}}, {"model": "sessions.session", "pk": "6az6g3drdob2d4yoz56rgw6jrt2qzsl7", "fields": {"session_data": ".eJxVjdEKwyAMRf_F51Gstg77tv2IJGmksmJHVdgY-_fp6MP2Esg9ybkv4aDkxZXEuwuzmIQSp98MgW4cG4B1bXEHRFuJufveHDh1l7pxzIEghy1ej68_1QJpqZ7eyMHyDGcjWStj5YDICuc6B23Bj4p7IqDRKkSE0UvSxvesGybpmzRxSrXG8eMe9qeY5PsD5GhEig:1lIq9O:sh1XuFGi2nX8-Rr_5fUopXcGds5YMNd0IWyV-GNZwkI", "expire_date": "2021-03-21T09:56:38.957Z"}}, {"model": "sessions.session", "pk": "7w5w5q6olas9uvbn2sw73cnan14i72eh", "fields": {"session_data": ".eJxVjMsOgjAUBf_lrk0D0hbK0r3f0JT7kKoB00KiIfy7YtiwPTNnFsCQJmgXOENr1hP4ME-9nzMnHwlasHDYuoAPHjZA9zDcRoXjMKXYqU1RO83qOhI_L7t7CPQh9783N9ZY0WIc2ZIKp6VkS1iLk04qDFqowLLQ0jTIBrm2uq4Muc4IkeA_mjnnOA6e36-YPtAW6xcQ00S8:1lP6d4:3vkX12GI6QTxf2tMH5swAKM3DVHfLamvch-31CQK8_o", "expire_date": "2021-04-07T16:45:10.167Z"}}, {"model": "sessions.session", "pk": "f6lchkg6llme4srj4him6leyl5qy76hh", "fields": {"session_data": ".eJxVjDkOg0AQBP8yMVrNzgB7hM79BjR7GWwLJI4I8XcbiYS0q6p3iDKv4Hdg8A1WQOB1g0cFnWxr321LnrshgQcNty1I_OTxBOkt42tScRrXeQjqVNRFF_WcUv4-Lvd20MvS_2tbxJQ2RLSGTTaOXKLAujiua0yOixabkUzhKNgWpmwsBStIfKYBjh8VKD2B:1lLSLo:NuBMMT2zZoqOA6E3vjW-iQmUFpcPhpeb6BFTbOFEFvo", "expire_date": "2021-03-28T15:08:16.854Z"}}, {"model": "sessions.session", "pk": "gb40b44qysixowprfxbrk5copm2bldac", "fields": {"session_data": ".eJxVjDsOwyAQBe-ydYSAtcynTJ8zWMsvOIlAMnZl-e4xkoukfTPzdphoW_O0tbhMcwALAm6_myP_jqWD8KLyrMzXsi6zY11hF23sUUP83C_37yBTy2etE6k0Os-1QhWVkSZIhyIZHAYeDCZBOnKpEnriY0IZlZZOE5fYU3eeelpWsDsMYMVxfAE-ETvc:1lL2jZ:JFWfnmT3GsbAUyg21tzeEyPDymRnjnPKpqn01GuQvj0", "expire_date": "2021-03-27T11:47:05.176Z"}}, {"model": "sessions.session", "pk": "h9imvs1mn3cgqd074jxe8yaze5tyer1a", "fields": {"session_data": "e30:1lNKjC:xSQHKhRVplzbWh7Rp40vWnRWQXjdq3Xhygu4Sn5k42Y", "expire_date": "2021-04-02T19:24:10.978Z"}}, {"model": "sessions.session", "pk": "ikx6fylqxev8ni2a54zigoqju5ksblis", "fields": {"session_data": "eyJjYXJ0Ijp7IjExIjo1fX0:1lMeLB:q6OGx14_B5e9ibaPgmtkH9VEW-APsJEi-5NQco6_Ve0", "expire_date": "2021-03-31T22:08:33.556Z"}}, {"model": "sessions.session", "pk": "k5djj8ehg3g3tqoasr1zvprxouu3wpdd", "fields": {"session_data": "eyJjYXJ0Ijp7IjkiOjEwfX0:1lMLsE:-Ye0FcjT-Iu6LvK8Bs_rLJYEq6R27lRYrx28eJvc2qI", "expire_date": "2021-03-31T02:25:26.553Z"}}, {"model": "sessions.session", "pk": "kkoyj47vo776pcxjpscr01kgdu5ktcoe", "fields": {"session_data": ".eJxVjDsOgzAQBe-ydWTZuwTblOlzBmv9i0kikAxUiLsnlmho38y8HQLXFYYdFMJwl8cNHG9rcduSqhsjDKDgsnkOnzQ1EN88vWYR5mmtoxdNESddxHOO6fs43ctB4aX8a5NZ594HaTTppC3aiJ5UttR1MlrKik2SqDMFln0mTNqgNyyRWurh-AEZQjw_:1lMFUL:3PvqyJJXpMv6I_th7HgkYhG5PwHgULl-JlFbCumBdbg", "expire_date": "2021-03-30T19:36:21.070Z"}}, {"model": "sessions.session", "pk": "oq4tm7hy04m3lolux4ghzlj23lvuk2yq", "fields": {"session_data": ".eJxVjMEOwiAQBf-FsyGUbQr06N1vIAssFjVgoE00xn9Xkh70-mbmvZjFbV3s1qjaFNjMBnb43Rz6K-UOwgXzuXBf8lqT413hO238VALdjrv7d7BgW761jqji5LzQChQpI02QDoZoYBxFMBAH1CSkiuBRTBEkKS2dRiGhp66fNmotlWzpcU_1yWbx_gB_-z7q:1lIqUP:CHzVPCa3sHAug9LJ0Bfm-aSGQ8qMczTj7wBQVWtGovM", "expire_date": "2021-03-21T10:18:21.414Z"}}, {"model": "sessions.session", "pk": "ubao1b998z6i9ew378n0qy7nwau1ppvn", "fields": {"session_data": "eyJjYXJ0Ijp7IjkiOjIwLCIyIjoyMSwiMTIiOjE1LCI0IjoxfX0:1lL32G:ZcnTRqY5zJC05cLZn0q62MqvhSIofWs2XoGC3SWROWc", "expire_date": "2021-03-27T12:06:24.305Z"}}, {"model": "sessions.session", "pk": "xbpp59k0su5s2zwpejthqwryjex3gni1", "fields": {"session_data": "e30:1lNKhE:WMzRxuuSEpvkz-ECSGQqvc-k-6uz2vQ8zVExTm9egcg", "expire_date": "2021-04-02T19:22:08.524Z"}}, {"model": "sessions.session", "pk": "xfeygy2dhapbilsnnma6dkvqd9lel1fj", "fields": {"session_data": ".eJxVjMEOwiAQBf-FsyGUbQr06N1vIAssFjVgoE00xn9Xkh70-mbmvZjFbV3s1qjaFNjMBnb43Rz6K-UOwgXzuXBf8lqT413hO238VALdjrv7d7BgW761jqji5LzQChQpI02QDoZoYBxFMBAH1CSkiuBRTBEkKS2dRiGhp66fNmotlWzpcU_1yWbx_gB_-z7q:1lIa1b:2MoNI47jzd8Xu2I0kjQAbtaK7qzgGEvC-BqYvpJms5w", "expire_date": "2021-03-20T16:43:31.775Z"}}, {"model": "sessions.session", "pk": "ynmbkffrexpyrr8k7fukd8t381wtr6o6", "fields": {"session_data": "eyJjYXJ0Ijp7IjUiOjUwfX0:1lPXzz:wzxx5NWh_o48bLPIN3NaYtgFqNhN8YuZzDAWzJp0lmk", "expire_date": "2021-04-08T21:58:39.077Z"}}, {"model": "sessions.session", "pk": "z5x2xel77or6995nbrvpfuwfsfjkqtpw", "fields": {"session_data": "eyJjYXJ0Ijp7IjIiOjJ9fQ:1lLP2p:nlr5qQB9iDwTPak3HZYXRSMdJ_MsX1WABFWHOM4No9A", "expire_date": "2021-03-28T11:36:27.858Z"}}, {"model": "sessions.session", "pk": "zijc1sl7ddkc2mdpkq2ey6uyye2mvh3s", "fields": {"session_data": ".eJxVjMEOwiAQBf-FsyGUbQr06N1vIAssFjVgoE00xn9Xkh70-mbmvZjFbV3s1qjaFNjMBnb43Rz6K-UOwgXzuXBf8lqT413hO238VALdjrv7d7BgW761jqji5LzQChQpI02QDoZoYBxFMBAH1CSkiuBRTBEkKS2dRiGhp66fNmotlWzpcU_1yWbx_gB_-z7q:1lIa9b:kNUWO0vmN02hbFhmsGSLasMsF3hiSeH_ZXfWcMhgR24", "expire_date": "2021-03-20T16:51:47.863Z"}}, {"model": "sites.site", "pk": 1, "fields": {"domain": "safeface.example.com", "name": "Safe_Face"}}, {"model": "account.emailaddress", "pk": 1, "fields": {"user": 1, "email": "cdolan@gizagig.com", "verified": true, "primary": true}}, {"model": "account.emailaddress", "pk": 2, "fields": {"user": 2, "email": "kadovaw493@onzmail.com", "verified": true, "primary": true}}, {"model": "account.emailaddress", "pk": 3, "fields": {"user": 3, "email": "cdolan1@gizagig.com", "verified": true, "primary": true}}, {"model": "account.emailaddress", "pk": 4, "fields": {"user": 4, "email": "test1@gizagig.com", "verified": true, "primary": true}}, {"model": "account.emailaddress", "pk": 5, "fields": {"user": 5, "email": "test23@gizagig.com", "verified": true, "primary": true}}, {"model": "account.emailaddress", "pk": 6, "fields": {"user": 6, "email": "cdolan2@gizagig.com", "verified": true, "primary": true}}, {"model": "account.emailaddress", "pk": 7, "fields": {"user": 7, "email": "cdolan3@gizagig.com", "verified": true, "primary": true}}, {"model": "products.category", "pk": 1, "fields": {"name": "fabric_masks", "friendly_name": "Fabric Masks"}}, {"model": "products.category", "pk": 2, "fields": {"name": "medical_masks", "friendly_name": "Medical Masks"}}, {"model": "products.category", "pk": 3, "fields": {"name": "shield_masks", "friendly_name": "Shield Masks"}}, {"model": "products.category", "pk": 4, "fields": {"name": "snood_masks", "friendly_name": "Snood Masks"}}, {"model": "products.product", "pk": 1, "fields": {"category": 1, "sku": "fm01", "name": "fabric_mask_3d", "friendly_name": "Fabric Mask 3D", "description": "Retro look fabric mask available in two versions of black & white, striped or ploka dot. Adjustable elastic ear straps. Sold singularly.", "colours": true, "image1_url": null, "image1": "fabric_mask_3d_polka.jpg", "image2_url": null, "image2": "fabric_mask_3d_stripes.jpg", "image3_url": null, "image3": "fabric_mask_3d_construction.jpg", "certification": "AFNOR Spec S76-001 v1.1", "standard": "UNE 0065", "dimensions": "20 x 10cm", "material": "100% Cotton", "qty_1": 5, "price_1": "4.00", "qty_2": 10, "price_2": "3.50", "qty_3": 25, "price_3": "3.00", "qty_4": 50, "price_4": "2.50", "qty_5": 100, "price_5": "2.00", "price": "12.00"}}, {"model": "products.product", "pk": 2, "fields": {"category": 1, "sku": "fm02", "name": "dual_vertex_fabric_mask", "friendly_name": "Dual Vertex Fabric Mask", "description": "High quality industrial grade fabric mask with ventilator available in three colours.", "colours": true, "image1_url": null, "image1": "fabric_mask_dual_vertex_burgundy.jpg", "image2_url": null, "image2": "fabric_mask_dual_vertex_navy.jpg", "image3_url": null, "image3": "fabric_mask_dual_vertex_grey.jpg", "certification": "AFNOR Spec S76-001 v1.1", "standard": "UNE 0065", "dimensions": "19 x 9cm", "material": "20:80 Polycotton", "qty_1": 5, "price_1": "6.00", "qty_2": 10, "price_2": "5.00", "qty_3": 25, "price_3": "4.50", "qty_4": 50, "price_4": "4.00", "qty_5": 100, "price_5": "3.00", "price": "0.00"}}, {"model": "products.product", "pk": 3, "fields": {"category": 1, "sku": "fm03", "name": "maskari_fabric_mask", "friendly_name": "Maskari Fabric Mask", "description": "Elegant Italian design and manufacture this mask not only protects, it looks good too!", "colours": true, "image1_url": null, "image1": "fabric_mask_maskari_blue.jpg", "image2_url": null, "image2": "fabric_mask_maskari_black.jpg", "image3_url": null, "image3": "fabric_mask_maskari_khaki.jpg", "certification": "AFNOR Spec S76-001 v1.1", "standard": "UNE 0065", "dimensions": "19 x 9cm", "material": "100 Cotton", "qty_1": 5, "price_1": "3.75", "qty_2": 10, "price_2": "3.50", "qty_3": 25, "price_3": "3.25", "qty_4": 50, "price_4": "3.00", "qty_5": 100, "price_5": "2.75", "price": "0.00"}}, {"model": "products.product", "pk": 4, "fields": {"category": 2, "sku": "mm01", "name": "ffp2_mask", "friendly_name": "FFP2 Mask", "description": "Superior level of protection for both the wearer and those in their vacinity. The high quality duckbill FFP2 masks is made up of 5 layers and includes elastic ear straps", "colours": false, "image1_url": null, "image1": "medical_mask_FFP2_image.jpg", "image2_url": null, "image2": "medical_mask_FFP2_layers.jpg", "image3_url": null, "image3": "medical_mask_FFP2_size.jpg", "certification": "EN14683:2019", "standard": "CE74936723", "dimensions": "17.5 x 9.5cm", "material": "100% Polyprop", "qty_1": 50, "price_1": "2.50", "qty_2": 100, "price_2": "2.25", "qty_3": 250, "price_3": "2.00", "qty_4": 500, "price_4": "1.50", "qty_5": 1000, "price_5": "1.25", "price": "0.00"}}, {"model": "products.product", "pk": 5, "fields": {"category": 2, "sku": "mm02", "name": "type_I_mask", "friendly_name": "Type I Mask", "description": "Disposable single use face mask with a BFE rating of 96.7%. Blue front and white rear.", "colours": false, "image1_url": null, "image1": "medical_mask_type_I_open.jpg", "image2_url": null, "image2": "medical_mask_type_I_flat.jpg", "image3_url": null, "image3": "medical_mask_type_I_box.jpg", "certification": "EN14683:2019", "standard": "CE74936723", "dimensions": "17.5 x 9.5cm", "material": "100% Polyprop", "qty_1": 50, "price_1": "1.00", "qty_2": 100, "price_2": "0.90", "qty_3": 250, "price_3": "0.80", "qty_4": 500, "price_4": "0.70", "qty_5": 1000, "price_5": "0.60", "price": "0.00"}}, {"model": "products.product", "pk": 6, "fields": {"category": 2, "sku": "mm03", "name": "type_II_mask", "friendly_name": "Type II Mask", "description": "Disposable single use face mask with a BFE rating of 99%", "colours": false, "image1_url": null, "image1": "medical_mask_type_II_open.jpg", "image2_url": null, "image2": "medical_mask_type_II_flat.jpg", "image3_url": null, "image3": "medical_mask_type_II_box.jpg", "certification": "EN14683:2019", "standard": "CE74936723", "dimensions": "17.5 x 9.5cm", "material": "100% Polyprop", "qty_1": 50, "price_1": "1.25", "qty_2": 100, "price_2": "1.10", "qty_3": 250, "price_3": "1.00", "qty_4": 500, "price_4": "0.90", "qty_5": 1000, "price_5": "0.70", "price": "0.00"}}, {"model": "products.product", "pk": 8, "fields": {"category": 3, "sku": "sm01", "name": "shield_mask", "friendly_name": "Shield Mask", "description": "Reusable clear shield mask with round the head elastic holder.", "colours": false, "image1_url": null, "image1": "shield_mask_shield_image.jpg", "image2_url": null, "image2": "shield_mask_shield_features.jpg", "image3_url": null, "image3": "shield_mask_shield_clean.jpg", "certification": "EN 149:2001+A1:2009", "standard": "IS 9473:2002", "dimensions": "35 x 24cm", "material": "Perspex", "qty_1": 50, "price_1": "4.00", "qty_2": 100, "price_2": "3.75", "qty_3": 250, "price_3": "3.50", "qty_4": 500, "price_4": "3.25", "qty_5": 1000, "price_5": "3.00", "price": "0.00"}}, {"model": "products.product", "pk": 9, "fields": {"category": 3, "sku": "sm02", "name": "glasses_shield_mask", "friendly_name": "Glasses Field Mask", "description": "Reusable clear shield mask with glasses rim fastener", "colours": false, "image1_url": null, "image1": "shield_mask_shield_glasses_group.jpg", "image2_url": null, "image2": "shield_mask_shield_glasses_180.jpg", "image3_url": null, "image3": "shield_mask_shield_glasses_image.jpg", "certification": "EN 149:2001+A1:2009", "standard": "IS 9473:2002", "dimensions": "32 x 24cm", "material": "PVC", "qty_1": 10, "price_1": "5.00", "qty_2": 50, "price_2": "4.50", "qty_3": 100, "price_3": "4.00", "qty_4": 250, "price_4": "3.50", "qty_5": 500, "price_5": "3.00", "price": "0.00"}}, {"model": "products.product", "pk": 10, "fields": {"category": 3, "sku": "sm03", "name": "mouth_shield_mask", "friendly_name": "Mouth Shield Mask", "description": "Clear mouth shield mask held in place with a chin holder and elastic ear loops", "colours": false, "image1_url": null, "image1": "shield_mask_shield_mouth_image.jpg", "image2_url": null, "image2": "shield_mask_shield_mouth_details.jpg", "image3_url": null, "image3": "shield_mask_shield_mouth_instructions.jpg", "certification": "EN 149:2001+A1:2009", "standard": "IS 9473:2002", "dimensions": "28 x 12cm", "material": "Perspex", "qty_1": 25, "price_1": "4.00", "qty_2": 50, "price_2": "3.75", "qty_3": 100, "price_3": "3.50", "qty_4": 250, "price_4": "3.00", "qty_5": 500, "price_5": "2.50", "price": "0.00"}}, {"model": "products.product", "pk": 11, "fields": {"category": 4, "sku": "sn01", "name": "rockbrook_snood", "friendly_name": "Rockbrook Snood", "description": "Rockbrook face and neck snood made from stretchy and comfortable fabric.", "colours": false, "image1_url": null, "image1": "snood_rockbrook_image.jpg", "image2_url": null, "image2": "snood_rockbrook_person.jpg", "image3_url": null, "image3": "snood_rockbrook_fabric.jpg", "certification": "Not Certified", "standard": "N/A", "dimensions": "60 x 30cm", "material": "Lycra", "qty_1": 5, "price_1": "10.00", "qty_2": 10, "price_2": "9.00", "qty_3": 25, "price_3": "8.00", "qty_4": 50, "price_4": "6.50", "qty_5": 100, "price_5": "5.00", "price": "0.00"}}, {"model": "products.product", "pk": 12, "fields": {"category": 4, "sku": "sn02", "name": "snood_three_mask", "friendly_name": "Snood Three Mask", "description": "The \"Three\" snood comes in three colours and offers an exceptionally comfortable experience.", "colours": true, "image1_url": null, "image1": "snood_three_colours_lilac.jpg", "image2_url": null, "image2": "snood_three_colours_blue.jpg", "image3_url": null, "image3": "snood_three_colours_antracite.jpg", "certification": "Not Certified", "standard": "N/A", "dimensions": "60 x 30cm", "material": "Combed Cotton", "qty_1": 25, "price_1": "6.00", "qty_2": 50, "price_2": "5.00", "qty_3": 100, "price_3": "4.00", "qty_4": 250, "price_4": "3.00", "qty_5": 500, "price_5": "2.00", "price": "0.00"}}, {"model": "products.product", "pk": 13, "fields": {"category": 4, "sku": "sn03", "name": "goldvejoy_snood", "friendly_name": "Goldvejoy Snood", "description": "Superior quality snood offering excellent filtering abilities and warmth.", "colours": false, "image1_url": "https://i.imgur.com/XFhxpc5.jpg", "image1": "snood2_image.jpg", "image2_url": "https://i.imgur.com/dJnE8sl.jpg", "image2": "snood2_filter.jpg", "image3_url": "https://i.imgur.com/AocEjtI.jpg", "image3": "snood2_features.jpg", "certification": "NIOSH: 42 CFR 84", "standard": "OSHA 29 CFR1910.134", "dimensions": "62 x 40cm", "material": "Lycra", "qty_1": 5, "price_1": "9.50", "qty_2": 10, "price_2": "8.50", "qty_3": 25, "price_3": "7.50", "qty_4": 50, "price_4": "6.50", "qty_5": 100, "price_5": "5.00", "price": "0.00"}}, {"model": "checkout.order", "pk": 15, "fields": {"order_number": "B691262B185043D79B9C2E67A11C2463", "user_profile": null, "date": "2021-03-20T16:21:43.072Z", "full_name": "Cathal Dolan", "email": "cathal@gizagig.com", "phone_number": "+353876794786", "company_name": "National Pen Promotional Products Ltd", "department": "Sales 2", "street_address1": "Bloomsbury Road,", "street_address2": "Oristown", "town_or_city": "Kells", "county": "Meath", "postcode": "na", "country": "IE", "products_total": "0.00", "delivery_cost": "10.00", "sub_total": "0.00", "net_total": "10.00", "vat": "230.00", "gross_total": "240.00", "original_cart": "original_cart", "stripe_pid": ""}}, {"model": "checkout.order", "pk": 16, "fields": {"order_number": "5CBE7BA6BB1A45B39FBF226F1E899D69", "user_profile": null, "date": "2021-03-20T16:28:21.907Z", "full_name": "Cathal Dolan", "email": "cathal@gizagig.com", "phone_number": "+353876794786", "company_name": "National Pen Promotional Products Ltd", "department": "Sales", "street_address1": "Bloomsbury Road,", "street_address2": "Oristown", "town_or_city": "Kells", "county": "Meath", "postcode": "na", "country": "IE", "products_total": "0.00", "delivery_cost": "10.00", "sub_total": "0.00", "net_total": "10.00", "vat": "230.00", "gross_total": "240.00", "original_cart": "original_cart", "stripe_pid": ""}}, {"model": "checkout.order", "pk": 17, "fields": {"order_number": "A408B0314F4040A995C3C4BDEF2D5966", "user_profile": null, "date": "2021-03-20T16:35:44.812Z", "full_name": "Cathal Dolan", "email": "cathal@gizagig.com", "phone_number": "+353876794786", "company_name": "National Pen Promotional Products Ltd", "department": "Sales 2", "street_address1": "Bloomsbury Road,", "street_address2": "Oristown", "town_or_city": "Kells", "county": "Meath", "postcode": "na", "country": "IE", "products_total": "0.00", "delivery_cost": "10.00", "sub_total": "0.00", "net_total": "10.00", "vat": "230.00", "gross_total": "240.00", "original_cart": "original_cart", "stripe_pid": ""}}, {"model": "checkout.order", "pk": 18, "fields": {"order_number": "F7862F58A2244CBCA65C7BCF01E94728", "user_profile": null, "date": "2021-03-20T16:37:54.629Z", "full_name": "Cathal Dolan", "email": "cathal@gizagig.com", "phone_number": "+353876794786", "company_name": "National Pen Promotional Products Ltd", "department": "Sales 2", "street_address1": "Bloomsbury Road,", "street_address2": "Oristown", "town_or_city": "Kells", "county": "Meath", "postcode": "na", "country": "IE", "products_total": "0.00", "delivery_cost": "10.00", "sub_total": "0.00", "net_total": "10.00", "vat": "230.00", "gross_total": "240.00", "original_cart": "original_cart", "stripe_pid": ""}}, {"model": "checkout.order", "pk": 19, "fields": {"order_number": "60BF29345E624BE3B017542A1C3501A6", "user_profile": null, "date": "2021-03-20T16:40:08.522Z", "full_name": "Cathal Dolan", "email": "cathal@gizagig.com", "phone_number": "+353876794786", "company_name": "National Pen Promotional Products Ltd", "department": "Sales 2", "street_address1": "Bloomsbury Road,", "street_address2": "Oristown", "town_or_city": "Kells", "county": "Meath", "postcode": "na", "country": "IE", "products_total": "0.00", "delivery_cost": "10.00", "sub_total": "0.00", "net_total": "10.00", "vat": "230.00", "gross_total": "240.00", "original_cart": "original_cart", "stripe_pid": ""}}, {"model": "checkout.order", "pk": 20, "fields": {"order_number": "076270545BFF415697279B225AFBEC91", "user_profile": null, "date": "2021-03-20T16:42:50.147Z", "full_name": "Cathal Dolan", "email": "cathal@gizagig.com", "phone_number": "+353876794786", "company_name": "National Pen Promotional Products Ltd", "department": "Sales 2", "street_address1": "Bloomsbury Road,", "street_address2": "Oristown", "town_or_city": "Kells", "county": "Meath", "postcode": "na", "country": "IE", "products_total": "0.00", "delivery_cost": "10.00", "sub_total": "0.00", "net_total": "10.00", "vat": "230.00", "gross_total": "240.00", "original_cart": "original_cart", "stripe_pid": ""}}, {"model": "checkout.order", "pk": 21, "fields": {"order_number": "7A4AAA9ED6D7447BBC76C6D5F769A60E", "user_profile": null, "date": "2021-03-20T16:44:16.711Z", "full_name": "Cathal Dolan", "email": "cathal@gizagig.com", "phone_number": "+353876794786", "company_name": "National Pen Promotional Products Ltd", "department": "Sales 2", "street_address1": "Bloomsbury Road,", "street_address2": "Oristown", "town_or_city": "Kells", "county": "Meath", "postcode": "na", "country": "IE", "products_total": "0.00", "delivery_cost": "10.00", "sub_total": "0.00", "net_total": "10.00", "vat": "230.00", "gross_total": "240.00", "original_cart": "original_cart", "stripe_pid": ""}}, {"model": "checkout.order", "pk": 22, "fields": {"order_number": "2644D473B13F49A1BF38BB4E3B997299", "user_profile": null, "date": "2021-03-20T17:02:00.481Z", "full_name": "Cathal Dolan", "email": "cathal@gizagig.com", "phone_number": "+353876794786", "company_name": "National Pen Promotional Products Ltd", "department": "Sales 2", "street_address1": "Bloomsbury Road,", "street_address2": "Oristown", "town_or_city": "Kells", "county": "Meath", "postcode": "na", "country": "IE", "products_total": "0.00", "delivery_cost": "10.00", "sub_total": "0.00", "net_total": "230.00", "vat": "0.00", "gross_total": "0.00", "original_cart": "original_cart", "stripe_pid": ""}}, {"model": "checkout.order", "pk": 23, "fields": {"order_number": "D8D040039DFD4BB68024D84D0AFC01E4", "user_profile": null, "date": "2021-03-20T17:11:27.209Z", "full_name": "Cathal Dolan", "email": "cathal@gizagig.com", "phone_number": "+353876794786", "company_name": "National Pen Promotional Products Ltd", "department": "Sales 2", "street_address1": "Bloomsbury Road,", "street_address2": "Oristown", "town_or_city": "Kells", "county": "Meath", "postcode": "na", "country": "IE", "products_total": "0.00", "delivery_cost": "10.00", "sub_total": "0.00", "net_total": "230.00", "vat": "0.00", "gross_total": "0.00", "original_cart": "original_cart", "stripe_pid": ""}}, {"model": "checkout.order", "pk": 24, "fields": {"order_number": "7659D812F81743DF98C7499696BA30A6", "user_profile": null, "date": "2021-03-20T17:21:19.662Z", "full_name": "Cathal Dolan", "email": "cathal@gizagig.com", "phone_number": "+353876794786", "company_name": "National Pen Promotional Products Ltd", "department": "Sales 2", "street_address1": "Bloomsbury Road,", "street_address2": "Oristown", "town_or_city": "Kells", "county": "Meath", "postcode": "na", "country": "IE", "products_total": "0.00", "delivery_cost": "10.00", "sub_total": "0.00", "net_total": "10.00", "vat": "230.00", "gross_total": "240.00", "original_cart": "original_cart", "stripe_pid": ""}}, {"model": "checkout.order", "pk": 25, "fields": {"order_number": "43D64BAE76844A48B9C7645FF89C343B", "user_profile": null, "date": "2021-03-20T20:17:19.636Z", "full_name": "Cathal Dolan", "email": "cathal@gizagig.com", "phone_number": "+353876794786", "company_name": "National Pen Promotional Products Ltd", "department": "Sales", "street_address1": "Bloomsbury Road,", "street_address2": "Oristown", "town_or_city": "Kells", "county": "Meath", "postcode": "na", "country": "IE", "products_total": "0.00", "delivery_cost": "10.00", "sub_total": "0.00", "net_total": "10.00", "vat": "230.00", "gross_total": "240.00", "original_cart": "original_cart", "stripe_pid": ""}}, {"model": "checkout.order", "pk": 26, "fields": {"order_number": "1F82710C20EE4B8CA7DBA503EC8F23DA", "user_profile": null, "date": "2021-03-20T20:26:12.451Z", "full_name": "Cathal Dolan", "email": "cathal@gizagig.com", "phone_number": "+353876794786", "company_name": "National Pen Promotional Products Ltd", "department": "Sales", "street_address1": "Bloomsbury Road,", "street_address2": "Oristown", "town_or_city": "Kells", "county": "Meath", "postcode": "na", "country": "IE", "products_total": "0.00", "delivery_cost": "10.00", "sub_total": "0.00", "net_total": "10.00", "vat": "230.00", "gross_total": "240.00", "original_cart": "original_cart", "stripe_pid": ""}}, {"model": "checkout.order", "pk": 27, "fields": {"order_number": "7A63103FA73C4DB3AD3C1218AE21502D", "user_profile": null, "date": "2021-03-20T20:47:05.785Z", "full_name": "Cathal Dolan", "email": "cathal@gizagig.com", "phone_number": "+353876794786", "company_name": "National Pen Promotional Products Ltd", "department": "Sales 2", "street_address1": "Bloomsbury Road,", "street_address2": "Oristown", "town_or_city": "Kells", "county": "Meath", "postcode": "na", "country": "IE", "products_total": "0.00", "delivery_cost": "10.00", "sub_total": "0.00", "net_total": "10.00", "vat": "230.00", "gross_total": "240.00", "original_cart": "original_cart", "stripe_pid": ""}}, {"model": "checkout.order", "pk": 28, "fields": {"order_number": "189DC3E2B6CC457F93C15138BC1973FA", "user_profile": null, "date": "2021-03-20T21:06:05.557Z", "full_name": "Cathal Dolan", "email": "cathal@gizagig.com", "phone_number": "+353876794786", "company_name": "National Pen Promotional Products Ltd", "department": "Sales 2", "street_address1": "Bloomsbury Road,", "street_address2": "Oristown", "town_or_city": "Kells", "county": "Meath", "postcode": "na", "country": "IE", "products_total": "0.00", "delivery_cost": "10.00", "sub_total": "0.00", "net_total": "10.00", "vat": "230.00", "gross_total": "240.00", "original_cart": "original_cart", "stripe_pid": ""}}, {"model": "checkout.order", "pk": 29, "fields": {"order_number": "5B4CFA1D03594D7D965FB234F33D8609", "user_profile": null, "date": "2021-03-20T21:21:29.424Z", "full_name": "Cathal Dolan", "email": "cathal@gizagig.com", "phone_number": "+353876794786", "company_name": "National Pen Promotional Products Ltd", "department": "Sales 2", "street_address1": "Bloomsbury Road,", "street_address2": "Oristown", "town_or_city": "Kells", "county": "Meath", "postcode": "na", "country": "IE", "products_total": "0.00", "delivery_cost": "10.00", "sub_total": "0.00", "net_total": "10.00", "vat": "230.00", "gross_total": "240.00", "original_cart": "original_cart", "stripe_pid": ""}}, {"model": "checkout.order", "pk": 30, "fields": {"order_number": "86FE85ABC93C4965B06D36F0A6C8BBA0", "user_profile": null, "date": "2021-03-20T21:22:28.493Z", "full_name": "Cathal Dolan", "email": "cathal@gizagig.com", "phone_number": "+353876794786", "company_name": "National Pen Promotional Products Ltd", "department": "Sales 2", "street_address1": "Bloomsbury Road,", "street_address2": "Oristown", "town_or_city": "Kells", "county": "Meath", "postcode": "na", "country": "IE", "products_total": "0.00", "delivery_cost": "10.00", "sub_total": "0.00", "net_total": "10.00", "vat": "230.00", "gross_total": "240.00", "original_cart": "original_cart", "stripe_pid": ""}}, {"model": "checkout.order", "pk": 31, "fields": {"order_number": "62F28566E31E420383AD24ED5B27619A", "user_profile": null, "date": "2021-03-20T21:27:52.299Z", "full_name": "Cathal Dolan", "email": "cathal@gizagig.com", "phone_number": "+353876794786", "company_name": "National Pen Promotional Products Ltd", "department": "Sales 2", "street_address1": "Bloomsbury Road,", "street_address2": "Oristown", "town_or_city": "Kells", "county": "Meath", "postcode": "na", "country": "IE", "products_total": "0.00", "delivery_cost": "10.00", "sub_total": "0.00", "net_total": "10.00", "vat": "230.00", "gross_total": "240.00", "original_cart": "original_cart", "stripe_pid": ""}}, {"model": "checkout.order", "pk": 32, "fields": {"order_number": "B8886D3119C34138A75FB3E8B2B342A9", "user_profile": null, "date": "2021-03-20T21:28:46.570Z", "full_name": "Cathal Dolan", "email": "cathal@gizagig.com", "phone_number": "+353876794786", "company_name": "National Pen Promotional Products Ltd", "department": "Sales 2", "street_address1": "Bloomsbury Road,", "street_address2": "Oristown", "town_or_city": "Kells", "county": "Meath", "postcode": "na", "country": "IE", "products_total": "0.00", "delivery_cost": "10.00", "sub_total": "0.00", "net_total": "10.00", "vat": "230.00", "gross_total": "240.00", "original_cart": "original_cart", "stripe_pid": ""}}, {"model": "checkout.order", "pk": 33, "fields": {"order_number": "2CAA754137864DA6987E1BFB0F031D93", "user_profile": null, "date": "2021-03-20T21:32:54.571Z", "full_name": "Cathal Dolan", "email": "cathal@gizagig.com", "phone_number": "+353876794786", "company_name": "National Pen Promotional Products Ltd", "department": "Sales 2", "street_address1": "Bloomsbury Road,", "street_address2": "Oristown", "town_or_city": "Kells", "county": "Meath", "postcode": "na", "country": "IE", "products_total": "0.00", "delivery_cost": "10.00", "sub_total": "0.00", "net_total": "10.00", "vat": "230.00", "gross_total": "240.00", "original_cart": "original_cart", "stripe_pid": ""}}, {"model": "checkout.order", "pk": 34, "fields": {"order_number": "A7007A5C3800439FB04B24D1781E7070", "user_profile": null, "date": "2021-03-20T21:36:50.393Z", "full_name": "Cathal Dolan", "email": "cathal@gizagig.com", "phone_number": "0876794786", "company_name": "National Pen Promotional Products Ltd", "department": "Sales", "street_address1": "Bloomsbury Road,", "street_address2": "Oristown", "town_or_city": "Kells", "county": "Meath", "postcode": "A82 R523", "country": "IE", "products_total": "0.00", "delivery_cost": "10.00", "sub_total": "0.00", "net_total": "10.00", "vat": "230.00", "gross_total": "240.00", "original_cart": "original_cart", "stripe_pid": ""}}, {"model": "checkout.order", "pk": 35, "fields": {"order_number": "567134A4CB614BD1BD43392601471724", "user_profile": null, "date": "2021-03-20T21:41:46.061Z", "full_name": "Cathal Dolan", "email": "cathal@gizagig.com", "phone_number": "+353876794786", "company_name": "National Pen Promotional Products Ltd", "department": "HR", "street_address1": "Bloomsbury Road,", "street_address2": "Oristown", "town_or_city": "Kells", "county": "Meath", "postcode": "na", "country": "IE", "products_total": "0.00", "delivery_cost": "10.00", "sub_total": "0.00", "net_total": "10.00", "vat": "230.00", "gross_total": "240.00", "original_cart": "original_cart", "stripe_pid": ""}}, {"model": "checkout.order", "pk": 36, "fields": {"order_number": "20DAAFAF18D44721A65D8C90C14AE327", "user_profile": null, "date": "2021-03-20T21:53:10.030Z", "full_name": "Cathal Dolan", "email": "cathal@gizagig.com", "phone_number": "+353876794786", "company_name": "National Pen Promotional Products Ltd", "department": "Sales 2", "street_address1": "Bloomsbury Road,", "street_address2": "Oristown", "town_or_city": "Kells", "county": "Meath", "postcode": "na", "country": "IE", "products_total": "0.00", "delivery_cost": "0.00", "sub_total": "0.00", "net_total": "0.00", "vat": "0.00", "gross_total": "0.00", "original_cart": "original_cart", "stripe_pid": ""}}, {"model": "checkout.order", "pk": 37, "fields": {"order_number": "CB7AD3493B54495BA9ED644E360F6176", "user_profile": null, "date": "2021-03-20T21:55:55.119Z", "full_name": "Cathal Dolan", "email": "cathal@gizagig.com", "phone_number": "+353876794786", "company_name": "National Pen Promotional Products Ltd", "department": "Sales 2", "street_address1": "Bloomsbury Road,", "street_address2": "Oristown", "town_or_city": "Kells", "county": "Meath", "postcode": "na", "country": "IE", "products_total": "0.00", "delivery_cost": "0.00", "sub_total": "0.00", "net_total": "0.00", "vat": "0.00", "gross_total": "0.00", "original_cart": "original_cart", "stripe_pid": ""}}, {"model": "checkout.order", "pk": 38, "fields": {"order_number": "7DBBCC2148354CF0BCC0A63CFF257052", "user_profile": null, "date": "2021-03-20T21:56:08.243Z", "full_name": "Cathal Dolan", "email": "cathal@gizagig.com", "phone_number": "+353876794786", "company_name": "National Pen Promotional Products Ltd", "department": "Sales 2", "street_address1": "Bloomsbury Road,", "street_address2": "Oristown", "town_or_city": "Kells", "county": "Meath", "postcode": "na", "country": "IE", "products_total": "0.00", "delivery_cost": "10.00", "sub_total": "0.00", "net_total": "10.00", "vat": "230.00", "gross_total": "240.00", "original_cart": "original_cart", "stripe_pid": ""}}, {"model": "checkout.order", "pk": 39, "fields": {"order_number": "40E32120C2E441C6B1078E8FD72248AC", "user_profile": null, "date": "2021-03-20T21:56:32.597Z", "full_name": "Cathal Dolan", "email": "cathal@gizagig.com", "phone_number": "+353876794786", "company_name": "National Pen Promotional Products Ltd", "department": "Sales", "street_address1": "Bloomsbury Road,", "street_address2": "Oristown", "town_or_city": "Kells", "county": "Meath", "postcode": "na", "country": "IE", "products_total": "0.00", "delivery_cost": "10.00", "sub_total": "0.00", "net_total": "10.00", "vat": "230.00", "gross_total": "240.00", "original_cart": "original_cart", "stripe_pid": ""}}, {"model": "checkout.order", "pk": 40, "fields": {"order_number": "818BCC6AAC794CBDBA1AF460B1E1CC0E", "user_profile": null, "date": "2021-03-20T21:59:41.414Z", "full_name": "Cathal Dolan", "email": "cathal@gizagig.com", "phone_number": "+353876794786", "company_name": "National Pen Promotional Products Ltd", "department": "Sales 2", "street_address1": "Bloomsbury Road,", "street_address2": "Oristown", "town_or_city": "Kells", "county": "Meath", "postcode": "na", "country": "IE", "products_total": "0.00", "delivery_cost": "10.00", "sub_total": "0.00", "net_total": "10.00", "vat": "500.00", "gross_total": "510.00", "original_cart": "original_cart", "stripe_pid": ""}}, {"model": "checkout.order", "pk": 41, "fields": {"order_number": "CAF6E5D3130143F382709108D7DEFB30", "user_profile": null, "date": "2021-03-20T22:02:05.649Z", "full_name": "Cathal Dolan", "email": "cathal@gizagig.com", "phone_number": "+353876794786", "company_name": "National Pen Promotional Products Ltd", "department": "Sales 2", "street_address1": "Bloomsbury Road,", "street_address2": "Oristown", "town_or_city": "Kells", "county": "Meath", "postcode": "na", "country": "IE", "products_total": "0.00", "delivery_cost": "10.00", "sub_total": "0.00", "net_total": "10.00", "vat": "2.30", "gross_total": "12.30", "original_cart": "original_cart", "stripe_pid": ""}}, {"model": "checkout.order", "pk": 42, "fields": {"order_number": "65AAE5B6798345F2968BC8FB285AFA14", "user_profile": null, "date": "2021-03-20T22:04:39.407Z", "full_name": "Cathal Dolan", "email": "cathal@gizagig.com", "phone_number": "+353876794786", "company_name": "National Pen Promotional Products Ltd", "department": "Sales 2", "street_address1": "Bloomsbury Road,", "street_address2": "Oristown", "town_or_city": "Kells", "county": "Meath", "postcode": "na", "country": "IE", "products_total": "50.00", "delivery_cost": "60.00", "sub_total": "0.00", "net_total": "110.00", "vat": "25.30", "gross_total": "135.30", "original_cart": "original_cart", "stripe_pid": ""}}, {"model": "checkout.order", "pk": 43, "fields": {"order_number": "81BC33B8647C48E79FACD3CED314377B", "user_profile": null, "date": "2021-03-20T22:06:15.884Z", "full_name": "Cathal Dolan", "email": "cathal@gizagig.com", "phone_number": "+353876794786", "company_name": "National Pen Promotional Products Ltd", "department": "Sales", "street_address1": "Bloomsbury Road,", "street_address2": "Oristown", "town_or_city": "Kells", "county": "Meath", "postcode": "na", "country": "IE", "products_total": "120.00", "delivery_cost": "0.00", "sub_total": "0.00", "net_total": "120.00", "vat": "27.60", "gross_total": "147.60", "original_cart": "original_cart", "stripe_pid": ""}}, {"model": "checkout.order", "pk": 44, "fields": {"order_number": "94D180A45AF845D5866A5AE7278A585E", "user_profile": null, "date": "2021-03-20T22:10:47.388Z", "full_name": "Cathal Dolan", "email": "cathal@gizagig.com", "phone_number": "+353876794786", "company_name": "National Pen Promotional Products Ltd", "department": "Sales 2", "street_address1": "Bloomsbury Road,", "street_address2": "Oristown", "town_or_city": "Kells", "county": "Meath", "postcode": "na", "country": "IE", "products_total": "0.00", "delivery_cost": "0.00", "sub_total": "0.00", "net_total": "0.00", "vat": "0.00", "gross_total": "0.00", "original_cart": "original_cart", "stripe_pid": ""}}, {"model": "checkout.order", "pk": 45, "fields": {"order_number": "6491A9962667488D8D3D1DF47EA0C82F", "user_profile": null, "date": "2021-03-20T22:16:29.497Z", "full_name": "Cathal Dolan", "email": "cathal@gizagig.com", "phone_number": "+353876794786", "company_name": "National Pen Promotional Products Ltd", "department": "Sales 2", "street_address1": "Bloomsbury Road,", "street_address2": "Oristown", "town_or_city": "Kells", "county": "Meath", "postcode": "na", "country": "IE", "products_total": "0.00", "delivery_cost": "0.00", "sub_total": "0.00", "net_total": "0.00", "vat": "0.00", "gross_total": "0.00", "original_cart": "original_cart", "stripe_pid": ""}}, {"model": "checkout.order", "pk": 46, "fields": {"order_number": "C43060491E9840FCBB436B1A619A61CA", "user_profile": null, "date": "2021-03-20T22:17:15.304Z", "full_name": "Cathal Dolan", "email": "cathal@gizagig.com", "phone_number": "+353876794786", "company_name": "National Pen Promotional Products Ltd", "department": "Sales 2", "street_address1": "Bloomsbury Road,", "street_address2": "Oristown", "town_or_city": "Kells", "county": "Meath", "postcode": "na", "country": "IE", "products_total": "0.00", "delivery_cost": "0.00", "sub_total": "0.00", "net_total": "0.00", "vat": "0.00", "gross_total": "0.00", "original_cart": "original_cart", "stripe_pid": ""}}, {"model": "checkout.order", "pk": 47, "fields": {"order_number": "B6D881980EE043C1864DB5DD9895D6E6", "user_profile": null, "date": "2021-03-20T22:18:01.666Z", "full_name": "Cathal Dolan", "email": "cathal@gizagig.com", "phone_number": "+353876794786", "company_name": "National Pen Promotional Products Ltd", "department": "Sales 2", "street_address1": "Bloomsbury Road,", "street_address2": "Oristown", "town_or_city": "Kells", "county": "Meath", "postcode": "na", "country": "IE", "products_total": "150.00", "delivery_cost": "0.00", "sub_total": "0.00", "net_total": "150.00", "vat": "34.50", "gross_total": "184.50", "original_cart": "original_cart", "stripe_pid": ""}}, {"model": "checkout.order", "pk": 48, "fields": {"order_number": "AA310B02A2E04B8AAF7536A77E1CC33C", "user_profile": null, "date": "2021-03-20T22:18:44.864Z", "full_name": "Cathal Dolan", "email": "cathal@gizagig.com", "phone_number": "+353876794786", "company_name": "National Pen Promotional Products Ltd", "department": "Sales 2", "street_address1": "Bloomsbury Road,", "street_address2": "Oristown", "town_or_city": "Kells", "county": "Meath", "postcode": "na", "country": "IE", "products_total": "50.00", "delivery_cost": "60.00", "sub_total": "0.00", "net_total": "110.00", "vat": "25.30", "gross_total": "135.30", "original_cart": "original_cart", "stripe_pid": ""}}, {"model": "checkout.order", "pk": 49, "fields": {"order_number": "8F1EE8F5133C4C67A7EACD0B99BCFF96", "user_profile": null, "date": "2021-03-20T22:19:45.667Z", "full_name": "Cathal Dolan", "email": "cathal@gizagig.com", "phone_number": "+353876794786", "company_name": "National Pen Promotional Products Ltd", "department": "Sales", "street_address1": "Bloomsbury Road,", "street_address2": "Oristown", "town_or_city": "Kells", "county": "Meath", "postcode": "na", "country": "IE", "products_total": "160.00", "delivery_cost": "0.00", "sub_total": "0.00", "net_total": "160.00", "vat": "36.80", "gross_total": "196.80", "original_cart": "original_cart", "stripe_pid": ""}}, {"model": "checkout.order", "pk": 50, "fields": {"order_number": "0B45508AF1AB425AB7E830C0A1AC25C1", "user_profile": null, "date": "2021-03-20T22:23:36.794Z", "full_name": "Cathal Dolan", "email": "cathal@gizagig.com", "phone_number": "+353876794786", "company_name": "National Pen Promotional Products Ltd", "department": "Sales 2", "street_address1": "Bloomsbury Road,", "street_address2": "Oristown", "town_or_city": "Kells", "county": "Meath", "postcode": "na", "country": "IE", "products_total": "90.00", "delivery_cost": "100.00", "sub_total": "0.00", "net_total": "190.00", "vat": "43.70", "gross_total": "233.70", "original_cart": "original_cart", "stripe_pid": ""}}, {"model": "checkout.order", "pk": 51, "fields": {"order_number": "1B8CC379547E4BA9832AE5795930F56E", "user_profile": null, "date": "2021-03-20T22:28:41.522Z", "full_name": "Cathal Dolan", "email": "cathal@gizagig.com", "phone_number": "+353876794786", "company_name": "National Pen Promotional Products Ltd", "department": "Sales 2", "street_address1": "Bloomsbury Road,", "street_address2": "Oristown", "town_or_city": "Kells", "county": "Meath", "postcode": "na", "country": "IE", "products_total": "0.00", "delivery_cost": "60.00", "sub_total": "0.00", "net_total": "110.00", "vat": "25.30", "gross_total": "135.30", "original_cart": "original_cart", "stripe_pid": ""}}, {"model": "checkout.order", "pk": 52, "fields": {"order_number": "D594862B63B34C15848FE9AFE5388D47", "user_profile": null, "date": "2021-03-20T22:29:37.851Z", "full_name": "Cathal Dolan", "email": "cathal@gizagig.com", "phone_number": "+353876794786", "company_name": "National Pen Promotional Products Ltd", "department": "Sales 2", "street_address1": "Bloomsbury Road,", "street_address2": "Oristown", "town_or_city": "Kells", "county": "Meath", "postcode": "na", "country": "IE", "products_total": "0.00", "delivery_cost": "72.50", "sub_total": "0.00", "net_total": "135.00", "vat": "31.05", "gross_total": "166.05", "original_cart": "original_cart", "stripe_pid": ""}}, {"model": "checkout.order", "pk": 53, "fields": {"order_number": "A87C311381804EC1AE01BB661D94ADD1", "user_profile": null, "date": "2021-03-20T22:44:45.646Z", "full_name": "Cathal Dolan", "email": "cathal@gizagig.com", "phone_number": "+353876794786", "company_name": "National Pen Promotional Products Ltd", "department": "Sales 2", "street_address1": "Bloomsbury Road,", "street_address2": "Oristown", "town_or_city": "Kells", "county": "Meath", "postcode": "na", "country": "IE", "products_total": "0.00", "delivery_cost": "0.00", "sub_total": "0.00", "net_total": "0.00", "vat": "0.00", "gross_total": "0.00", "original_cart": "original_cart", "stripe_pid": ""}}, {"model": "checkout.order", "pk": 54, "fields": {"order_number": "082098088214439BBD263F31BFFBD563", "user_profile": null, "date": "2021-03-20T22:45:39.968Z", "full_name": "Cathal Dolan", "email": "cathal@gizagig.com", "phone_number": "+353876794786", "company_name": "National Pen Promotional Products Ltd", "department": "Sales 2", "street_address1": "Bloomsbury Road,", "street_address2": "Oristown", "town_or_city": "Kells", "county": "Meath", "postcode": "na", "country": "IE", "products_total": "0.00", "delivery_cost": "0.00", "sub_total": "0.00", "net_total": "150.00", "vat": "34.50", "gross_total": "184.50", "original_cart": "original_cart", "stripe_pid": ""}}, {"model": "checkout.order", "pk": 55, "fields": {"order_number": "5D806667F8344B6D9216CDD94F38246A", "user_profile": null, "date": "2021-03-20T22:48:26.081Z", "full_name": "Cathal Dolan", "email": "cathal@gizagig.com", "phone_number": "+353876794786", "company_name": "National Pen Promotional Products Ltd", "department": "Sales 2", "street_address1": "Bloomsbury Road,", "street_address2": "Oristown", "town_or_city": "Kells", "county": "Meath", "postcode": "na", "country": "IE", "products_total": "0.00", "delivery_cost": "0.00", "sub_total": "0.00", "net_total": "0.00", "vat": "0.00", "gross_total": "0.00", "original_cart": "original_cart", "stripe_pid": ""}}, {"model": "checkout.order", "pk": 56, "fields": {"order_number": "F726DB82515448378C9C6C4BB5C23A75", "user_profile": null, "date": "2021-03-20T22:52:11.491Z", "full_name": "Cathal Dolan", "email": "cathal@gizagig.com", "phone_number": "+353876794786", "company_name": "National Pen Promotional Products Ltd", "department": "Sales 2", "street_address1": "Bloomsbury Road,", "street_address2": "Oristown", "town_or_city": "Kells", "county": "Meath", "postcode": "na", "country": "IE", "products_total": "0.00", "delivery_cost": "45.00", "sub_total": "35.00", "net_total": "80.00", "vat": "18.40", "gross_total": "98.40", "original_cart": "original_cart", "stripe_pid": ""}}, {"model": "checkout.order", "pk": 57, "fields": {"order_number": "0695537B00374F5DAB8D1C7E66AA687D", "user_profile": null, "date": "2021-03-20T22:54:18.746Z", "full_name": "Cathal Dolan", "email": "cathal@gizagig.com", "phone_number": "+353876794786", "company_name": "National Pen Promotional Products Ltd", "department": "Sales 2", "street_address1": "Bloomsbury Road,", "street_address2": "Oristown", "town_or_city": "Kells", "county": "Meath", "postcode": "na", "country": "IE", "products_total": "50.00", "delivery_cost": "60.00", "sub_total": "0.00", "net_total": "110.00", "vat": "25.30", "gross_total": "135.30", "original_cart": "original_cart", "stripe_pid": ""}}, {"model": "checkout.order", "pk": 58, "fields": {"order_number": "691B3140093D41DFAD81C78E716E015E", "user_profile": null, "date": "2021-03-20T22:55:47.621Z", "full_name": "Cathal Dolan", "email": "cathal@gizagig.com", "phone_number": "+353876794786", "company_name": "National Pen Promotional Products Ltd", "department": "Sales 2", "street_address1": "Bloomsbury Road,", "street_address2": "Oristown", "town_or_city": "Kells", "county": "Meath", "postcode": "na", "country": "IE", "products_total": "90.00", "delivery_cost": "10.00", "sub_total": "0.00", "net_total": "100.00", "vat": "23.00", "gross_total": "123.00", "original_cart": "original_cart", "stripe_pid": ""}}, {"model": "checkout.order", "pk": 59, "fields": {"order_number": "3DC392E85E87477BB4CBCB7A4BF6DDA7", "user_profile": null, "date": "2021-03-21T00:54:34.680Z", "full_name": "Cathal Dolan", "email": "cathal@gizagig.com", "phone_number": "+353876794786", "company_name": "National Pen Promotional Products Ltd", "department": "Sales 2", "street_address1": "Bloomsbury Road,", "street_address2": "Oristown", "town_or_city": "Kells", "county": "Meath", "postcode": "na", "country": "IE", "products_total": "180.00", "delivery_cost": "0.00", "sub_total": "0.00", "net_total": "180.00", "vat": "41.40", "gross_total": "221.40", "original_cart": "original_cart", "stripe_pid": ""}}, {"model": "checkout.order", "pk": 60, "fields": {"order_number": "43EAC2B57E2743789461EC8F5B52AB7A", "user_profile": null, "date": "2021-03-21T00:56:47.564Z", "full_name": "Cathal Dolan", "email": "cathal@gizagig.com", "phone_number": "+353876794786", "company_name": "National Pen Promotional Products Ltd", "department": "Sales 2", "street_address1": "Bloomsbury Road,", "street_address2": "Oristown", "town_or_city": "Kells", "county": "Meath", "postcode": "na", "country": "IE", "products_total": "50.00", "delivery_cost": "10.00", "sub_total": "0.00", "net_total": "60.00", "vat": "13.80", "gross_total": "73.80", "original_cart": "original_cart", "stripe_pid": ""}}, {"model": "checkout.order", "pk": 61, "fields": {"order_number": "0CD541F931BF4B42902C86BDE4D45103", "user_profile": null, "date": "2021-03-21T01:21:58.174Z", "full_name": "Cathal Dolan", "email": "cathal@gizagig.com", "phone_number": "+353876794786", "company_name": "National Pen Promotional Products Ltd", "department": "Sales 2", "street_address1": "Bloomsbury Road,", "street_address2": "Oristown", "town_or_city": "Kells", "county": "Meath", "postcode": "na", "country": "IE", "products_total": "50.00", "delivery_cost": "10.00", "sub_total": "0.00", "net_total": "60.00", "vat": "13.80", "gross_total": "73.80", "original_cart": "original_cart", "stripe_pid": ""}}, {"model": "checkout.order", "pk": 62, "fields": {"order_number": "6CC53B653DB347D09D7FAA78735E3CF1", "user_profile": null, "date": "2021-03-21T10:38:09.359Z", "full_name": "Cathal Dolan", "email": "cathal@gizagig.com", "phone_number": "+353876794786", "company_name": "National Pen Promotional Products Ltd", "department": "Sales", "street_address1": "Bloomsbury Road,", "street_address2": "Oristown", "town_or_city": "Kells", "county": "Meath", "postcode": "na", "country": "IE", "products_total": "30.00", "delivery_cost": "10.00", "sub_total": "0.00", "net_total": "40.00", "vat": "9.20", "gross_total": "49.20", "original_cart": "original_cart", "stripe_pid": ""}}, {"model": "checkout.order", "pk": 63, "fields": {"order_number": "5ACE25F16F6949BAA407B1817E1A75FC", "user_profile": null, "date": "2021-03-21T11:23:22.436Z", "full_name": "Cathal Dolan", "email": "cathal@gizagig.com", "phone_number": "+353876794786", "company_name": "National Pen Promotional Products Ltd", "department": "HR", "street_address1": "Bloomsbury Road,", "street_address2": "Oristown", "town_or_city": "Kells", "county": "Meath", "postcode": "na", "country": "IE", "products_total": "750.00", "delivery_cost": "0.00", "sub_total": "0.00", "net_total": "750.00", "vat": "172.50", "gross_total": "922.50", "original_cart": "original_cart", "stripe_pid": ""}}, {"model": "checkout.order", "pk": 64, "fields": {"order_number": "B2DFDFCEC52E416CB0B1DF3568EE9813", "user_profile": null, "date": "2021-03-21T11:24:27.847Z", "full_name": "Cathal Dolan", "email": "cathal@gizagig.com", "phone_number": "+353876794786", "company_name": "National Pen Promotional Products Ltd", "department": "Sales 2", "street_address1": "Bloomsbury Road,", "street_address2": "Oristown", "town_or_city": "Kells", "county": "Meath", "postcode": "na", "country": "IE", "products_total": "125.00", "delivery_cost": "0.00", "sub_total": "0.00", "net_total": "125.00", "vat": "28.75", "gross_total": "153.75", "original_cart": "original_cart", "stripe_pid": ""}}, {"model": "checkout.order", "pk": 65, "fields": {"order_number": "1B2EE808CF734326B34CA634E08878F5", "user_profile": null, "date": "2021-03-21T11:27:27.436Z", "full_name": "Cathal Dolan", "email": "cathal@gizagig.com", "phone_number": "+353876794786", "company_name": "National Pen Promotional Products Ltd", "department": "Sales 2", "street_address1": "Bloomsbury Road,", "street_address2": "Oristown", "town_or_city": "Kells", "county": "Meath", "postcode": "na", "country": "IE", "products_total": "50.00", "delivery_cost": "10.00", "sub_total": "0.00", "net_total": "60.00", "vat": "13.80", "gross_total": "73.80", "original_cart": "original_cart", "stripe_pid": ""}}, {"model": "checkout.order", "pk": 66, "fields": {"order_number": "171D82E9309F4FB0837DADF4029BCCB8", "user_profile": null, "date": "2021-03-21T11:29:10.744Z", "full_name": "Cathal Dolan", "email": "cathal@gizagig.com", "phone_number": "+353876794786", "company_name": "National Pen Promotional Products Ltd", "department": "Sales 2", "street_address1": "Bloomsbury Road,", "street_address2": "Oristown", "town_or_city": "Kells", "county": "Meath", "postcode": "na", "country": "IE", "products_total": "62.50", "delivery_cost": "10.00", "sub_total": "0.00", "net_total": "72.50", "vat": "16.68", "gross_total": "89.18", "original_cart": "original_cart", "stripe_pid": ""}}, {"model": "checkout.order", "pk": 67, "fields": {"order_number": "C32AECC0ACF54019A6F9309205ABF402", "user_profile": null, "date": "2021-03-21T11:30:17.555Z", "full_name": "Cathal Dolan", "email": "cathal@gizagig.com", "phone_number": "+353876794786", "company_name": "National Pen Promotional Products Ltd", "department": "Sales 2", "street_address1": "Bloomsbury Road,", "street_address2": "Oristown", "town_or_city": "Kells", "county": "Meath", "postcode": "na", "country": "IE", "products_total": "150.00", "delivery_cost": "0.00", "sub_total": "0.00", "net_total": "150.00", "vat": "34.50", "gross_total": "184.50", "original_cart": "original_cart", "stripe_pid": ""}}, {"model": "checkout.order", "pk": 68, "fields": {"order_number": "A6CE791ACEBD44F3B0F7CB8C8882358C", "user_profile": null, "date": "2021-03-21T11:32:56.875Z", "full_name": "Cathal Dolan", "email": "cathal@gizagig.com", "phone_number": "+353876794786", "company_name": "National Pen Promotional Products Ltd", "department": "Sales 2", "street_address1": "Bloomsbury Road,", "street_address2": "Oristown", "town_or_city": "Kells", "county": "Meath", "postcode": "na", "country": "IE", "products_total": "125.00", "delivery_cost": "0.00", "sub_total": "0.00", "net_total": "125.00", "vat": "28.75", "gross_total": "153.75", "original_cart": "original_cart", "stripe_pid": ""}}, {"model": "checkout.order", "pk": 69, "fields": {"order_number": "95CC3ADEF3C1475381AC1EF1512BE267", "user_profile": null, "date": "2021-03-21T13:45:28.883Z", "full_name": "Cathal Dolan", "email": "cathal@gizagig.com", "phone_number": "0876794786", "company_name": "National Pen Promotional Products Ltd", "department": "Sales 2", "street_address1": "Bloomsbury Road,", "street_address2": "Oristown", "town_or_city": "Kells", "county": "Meath", "postcode": "A82 R523", "country": "IE", "products_total": "50.00", "delivery_cost": "10.00", "sub_total": "0.00", "net_total": "60.00", "vat": "13.80", "gross_total": "73.80", "original_cart": "original_cart", "stripe_pid": ""}}, {"model": "checkout.order", "pk": 70, "fields": {"order_number": "A53F21B17CA040FD98C14377BF48B788", "user_profile": null, "date": "2021-03-21T13:49:08.590Z", "full_name": "Cathal Dolan", "email": "cathal@gizagig.com", "phone_number": "+353876794786", "company_name": "National Pen Promotional Products Ltd", "department": "Sales 2", "street_address1": "Bloomsbury Road,", "street_address2": "Oristown", "town_or_city": "Kells", "county": "Meath", "postcode": "na", "country": "IE", "products_total": "1000.00", "delivery_cost": "0.00", "sub_total": "0.00", "net_total": "1000.00", "vat": "230.00", "gross_total": "1230.00", "original_cart": "original_cart", "stripe_pid": ""}}, {"model": "checkout.order", "pk": 71, "fields": {"order_number": "5118251704C24A20838CABA53D22F4A6", "user_profile": null, "date": "2021-03-21T15:40:11.892Z", "full_name": "Cathal Dolan", "email": "cathal@gizagig.com", "phone_number": "+353876794786", "company_name": "National Pen Promotional Products Ltd", "department": "Sales", "street_address1": "Bloomsbury Road,", "street_address2": "Oristown", "town_or_city": "Kells", "county": "Meath", "postcode": "na", "country": "IE", "products_total": "555.00", "delivery_cost": "0.00", "sub_total": "0.00", "net_total": "555.00", "vat": "127.65", "gross_total": "682.65", "original_cart": "original_cart", "stripe_pid": ""}}, {"model": "checkout.order", "pk": 72, "fields": {"order_number": "98116B47499E4F5F9DD2F814862B2082", "user_profile": null, "date": "2021-03-21T15:42:07.713Z", "full_name": "Cathal Dolan", "email": "cathal@gizagig.com", "phone_number": "+353876794786", "company_name": "National Pen Promotional Products Ltd", "department": "Sales 2", "street_address1": "Bloomsbury Road,", "street_address2": "Oristown", "town_or_city": "Kells", "county": "Meath", "postcode": "na", "country": "IE", "products_total": "6250.00", "delivery_cost": "0.00", "sub_total": "0.00", "net_total": "6250.00", "vat": "1437.50", "gross_total": "7687.50", "original_cart": "original_cart", "stripe_pid": ""}}, {"model": "checkout.order", "pk": 73, "fields": {"order_number": "329E3C1CCE8F40F391F095CB0E4218D9", "user_profile": null, "date": "2021-03-21T15:46:08.066Z", "full_name": "Cathal Dolan", "email": "cathal@gizagig.com", "phone_number": "+353876794786", "company_name": "National Pen Promotional Products Ltd", "department": "Sales 2", "street_address1": "Bloomsbury Road,", "street_address2": "Oristown", "town_or_city": "Kells", "county": "Meath", "postcode": "na", "country": "IE", "products_total": "1500.00", "delivery_cost": "0.00", "sub_total": "0.00", "net_total": "1500.00", "vat": "345.00", "gross_total": "1845.00", "original_cart": "original_cart", "stripe_pid": ""}}, {"model": "checkout.order", "pk": 74, "fields": {"order_number": "FBEF59FE0B3E4351B6BD10B545EBAFCA", "user_profile": null, "date": "2021-03-21T16:18:23.682Z", "full_name": "Cathal Dolan", "email": "cathal@gizagig.com", "phone_number": "+353876794786", "company_name": "National Pen Promotional Products Ltd", "department": "Sales", "street_address1": "Bloomsbury Road,", "street_address2": "Oristown", "town_or_city": "Kells", "county": "Meath", "postcode": "na", "country": "IE", "products_total": "3000.00", "delivery_cost": "0.00", "sub_total": "0.00", "net_total": "3000.00", "vat": "690.00", "gross_total": "3690.00", "original_cart": "original_cart", "stripe_pid": ""}}, {"model": "checkout.order", "pk": 75, "fields": {"order_number": "165C7BD22E5C420B898383AD0758884A", "user_profile": null, "date": "2021-03-21T16:43:15.690Z", "full_name": "Cathal Dolan", "email": "cathal@gizagig.com", "phone_number": "+353876794786", "company_name": "", "department": "", "street_address1": "Bloomsbury Road,", "street_address2": "Oristown", "town_or_city": "Kells", "county": "Meath", "postcode": "na", "country": "IE", "products_total": "440.00", "delivery_cost": "0.00", "sub_total": "0.00", "net_total": "440.00", "vat": "101.20", "gross_total": "541.20", "original_cart": "{\"9\": 110}", "stripe_pid": "pi_1IXUMeB0ZTqMiCfICJxSSO54"}}, {"model": "checkout.order", "pk": 76, "fields": {"order_number": "5A87CC2C1C644277A14425415932748F", "user_profile": null, "date": "2021-03-21T16:43:43.753Z", "full_name": "Cathal Dolan", "email": "cathal@gizagig.com", "phone_number": "+353876794786", "company_name": "National Pen Promotional Products Ltd", "department": "Sales 2", "street_address1": "Bloomsbury Road,", "street_address2": "Oristown", "town_or_city": "Kells", "county": "Meath", "postcode": "na", "country": "IE", "products_total": "440.00", "delivery_cost": "0.00", "sub_total": "0.00", "net_total": "440.00", "vat": "101.20", "gross_total": "541.20", "original_cart": "", "stripe_pid": "pi_1IXUMeB0ZTqMiCfICJxSSO54"}}, {"model": "checkout.order", "pk": 77, "fields": {"order_number": "3E6CBEAB8EE242A08B1711FA511A84BD", "user_profile": null, "date": "2021-03-21T16:48:26.541Z", "full_name": "Cathal Dolan", "email": "cathal@gizagig.com", "phone_number": "+353876794786", "company_name": "", "department": "", "street_address1": "Bloomsbury Road,", "street_address2": "Oristown", "town_or_city": "Kells", "county": "Meath", "postcode": "na", "country": "IE", "products_total": "3000.00", "delivery_cost": "0.00", "sub_total": "0.00", "net_total": "3000.00", "vat": "690.00", "gross_total": "3690.00", "original_cart": "{\"8\": 1000}", "stripe_pid": "pi_1IXTygB0ZTqMiCfI69RXOnTV"}}, {"model": "checkout.order", "pk": 78, "fields": {"order_number": "904042E9D57F4B31968FE46555A7B6EA", "user_profile": null, "date": "2021-03-21T16:48:44.127Z", "full_name": "Cathal Dolan", "email": "cathal@gizagig.com", "phone_number": "+353876794786", "company_name": "National Pen Promotional Products Ltd", "department": "Sales", "street_address1": "Bloomsbury Road,", "street_address2": "Oristown", "town_or_city": "Kells", "county": "Meath", "postcode": "na", "country": "IE", "products_total": "18.75", "delivery_cost": "10.00", "sub_total": "0.00", "net_total": "28.75", "vat": "6.61", "gross_total": "35.36", "original_cart": "", "stripe_pid": "pi_1IXUS3B0ZTqMiCfIyzxbLB6E"}}, {"model": "checkout.order", "pk": 79, "fields": {"order_number": "5D9A35428FCD4F23908386D41594C870", "user_profile": null, "date": "2021-03-21T16:48:49.806Z", "full_name": "Cathal Dolan", "email": "cathal@gizagig.com", "phone_number": "+353876794786", "company_name": "", "department": "", "street_address1": "Bloomsbury Road,", "street_address2": "Oristown", "town_or_city": "Kells", "county": "Meath", "postcode": "na", "country": "IE", "products_total": "18.75", "delivery_cost": "10.00", "sub_total": "0.00", "net_total": "28.75", "vat": "6.61", "gross_total": "35.36", "original_cart": "{\"3\": 5}", "stripe_pid": "pi_1IXUS3B0ZTqMiCfIyzxbLB6E"}}, {"model": "checkout.order", "pk": 80, "fields": {"order_number": "9835358699C94EA3B7FB3BF4A8BE34B6", "user_profile": null, "date": "2021-03-21T16:52:32.625Z", "full_name": "Cathal Dolan", "email": "cathal@gizagig.com", "phone_number": "+353876794786", "company_name": "", "department": "", "street_address1": "Bloomsbury Road,", "street_address2": "Oristown", "town_or_city": "Kells", "county": "Meath", "postcode": "na", "country": "IE", "products_total": "800.00", "delivery_cost": "0.00", "sub_total": "0.00", "net_total": "800.00", "vat": "184.00", "gross_total": "984.00", "original_cart": "{\"4\": 400}", "stripe_pid": "pi_1IXUVdB0ZTqMiCfIDmOldsgf"}}, {"model": "checkout.order", "pk": 81, "fields": {"order_number": "53B5FACA9AC84EAFBCF76225C788E65F", "user_profile": null, "date": "2021-03-21T16:54:08.104Z", "full_name": "Cathal Dolan", "email": "cathal@gizagig.com", "phone_number": "+353876794786", "company_name": "", "department": "", "street_address1": "Bloomsbury Road,", "street_address2": "Oristown", "town_or_city": "Kells", "county": "Meath", "postcode": "na", "country": "IE", "products_total": "1550.00", "delivery_cost": "0.00", "sub_total": "0.00", "net_total": "1550.00", "vat": "356.50", "gross_total": "1906.50", "original_cart": "{\"4\": 400, \"12\": 250}", "stripe_pid": "pi_1IXUXAB0ZTqMiCfIU0WLuW0W"}}, {"model": "checkout.order", "pk": 82, "fields": {"order_number": "4A1C4FBBB90A4EB8B211BE221D2BD72A", "user_profile": null, "date": "2021-03-21T16:58:28.060Z", "full_name": "Cathal Dolan", "email": "cathal@gizagig.com", "phone_number": "+353876794786", "company_name": "National Pen Promotional Products Ltd", "department": "Sales 2", "street_address1": "Bloomsbury Road,", "street_address2": "Oristown", "town_or_city": "Kells", "county": "Meath", "postcode": "na", "country": "IE", "products_total": "2500.00", "delivery_cost": "0.00", "sub_total": "0.00", "net_total": "2500.00", "vat": "575.00", "gross_total": "3075.00", "original_cart": "", "stripe_pid": "pi_1IXUbIB0ZTqMiCfIGJ9PlkYl"}}, {"model": "checkout.order", "pk": 83, "fields": {"order_number": "ABC06EFD84A0450CA0CAE041A038102A", "user_profile": null, "date": "2021-03-21T16:58:34.008Z", "full_name": "Cathal Dolan", "email": "cathal@gizagig.com", "phone_number": "+353876794786", "company_name": "", "department": "", "street_address1": "Bloomsbury Road,", "street_address2": "Oristown", "town_or_city": "Kells", "county": "Meath", "postcode": "na", "country": "IE", "products_total": "2500.00", "delivery_cost": "0.00", "sub_total": "0.00", "net_total": "2500.00", "vat": "575.00", "gross_total": "3075.00", "original_cart": "{\"4\": 1400, \"12\": 250}", "stripe_pid": "pi_1IXUbIB0ZTqMiCfIGJ9PlkYl"}}, {"model": "checkout.order", "pk": 84, "fields": {"order_number": "DD109E905D074803BE66FF79A275D1E1", "user_profile": null, "date": "2021-03-21T16:59:53.058Z", "full_name": "Cathal Dolan", "email": "cathal@gizagig.com", "phone_number": "+353876794786", "company_name": "", "department": "", "street_address1": "Bloomsbury Road,", "street_address2": "Oristown", "town_or_city": "Kells", "county": "Meath", "postcode": "na", "country": "IE", "products_total": "125.00", "delivery_cost": "0.00", "sub_total": "0.00", "net_total": "125.00", "vat": "28.75", "gross_total": "153.75", "original_cart": "{\"4\": 50}", "stripe_pid": "pi_1IXUcjB0ZTqMiCfIleeVzrx1"}}, {"model": "checkout.order", "pk": 85, "fields": {"order_number": "592918E86F914A08B9E11E534EF99F50", "user_profile": null, "date": "2021-03-21T17:25:55.677Z", "full_name": "Cathal Dolan", "email": "cathal@gizagig.com", "phone_number": "+353876794786", "company_name": "National Pen Promotional Products Ltd", "department": "Sales 2", "street_address1": "Bloomsbury Road,", "street_address2": "Oristown", "town_or_city": "Kells", "county": "Meath", "postcode": "na", "country": "IE", "products_total": "125.00", "delivery_cost": "0.00", "sub_total": "0.00", "net_total": "125.00", "vat": "28.75", "gross_total": "153.75", "original_cart": "", "stripe_pid": "pi_1IXV20B0ZTqMiCfIooM6Xf2r"}}, {"model": "checkout.order", "pk": 86, "fields": {"order_number": "C9126712B6D548FE94C09D8B3841A4C8", "user_profile": null, "date": "2021-03-21T17:26:01.454Z", "full_name": "Cathal Dolan", "email": "cathal@gizagig.com", "phone_number": "+353876794786", "company_name": "", "department": "", "street_address1": "Bloomsbury Road,", "street_address2": "Oristown", "town_or_city": "Kells", "county": "Meath", "postcode": "na", "country": "IE", "products_total": "125.00", "delivery_cost": "0.00", "sub_total": "0.00", "net_total": "125.00", "vat": "28.75", "gross_total": "153.75", "original_cart": "{\"4\": 50}", "stripe_pid": "pi_1IXV20B0ZTqMiCfIooM6Xf2r"}}, {"model": "checkout.order", "pk": 87, "fields": {"order_number": "6E97222DC6CE47028FA3A1F5DAE630DC", "user_profile": null, "date": "2021-03-21T17:49:51.290Z", "full_name": "Cathal Dolan", "email": "cathal@gizagig.com", "phone_number": "+353876794786", "company_name": "National Pen Promotional Products Ltd", "department": "Sales 2", "street_address1": "Bloomsbury Road,", "street_address2": "Oristown", "town_or_city": "Kells", "county": "Meath", "postcode": "na", "country": "IE", "products_total": "150.00", "delivery_cost": "0.00", "sub_total": "0.00", "net_total": "150.00", "vat": "34.50", "gross_total": "184.50", "original_cart": "", "stripe_pid": "pi_1IXVP9B0ZTqMiCfIJ2Nu9O2L"}}, {"model": "checkout.order", "pk": 88, "fields": {"order_number": "69806532527C4A6399583CB6A8907A24", "user_profile": null, "date": "2021-03-21T17:49:56.944Z", "full_name": "Cathal Dolan", "email": "cathal@gizagig.com", "phone_number": "+353876794786", "company_name": "", "department": "", "street_address1": "Bloomsbury Road,", "street_address2": "Oristown", "town_or_city": "Kells", "county": "Meath", "postcode": "na", "country": "IE", "products_total": "150.00", "delivery_cost": "0.00", "sub_total": "0.00", "net_total": "150.00", "vat": "34.50", "gross_total": "184.50", "original_cart": "{\"12\": 25}", "stripe_pid": "pi_1IXVP9B0ZTqMiCfIJ2Nu9O2L"}}, {"model": "checkout.order", "pk": 89, "fields": {"order_number": "6706B58E058D4B038DB938FA29E67296", "user_profile": 1, "date": "2021-03-22T20:43:06.202Z", "full_name": "Cathal Dolan", "email": "cathal@gizagig.com", "phone_number": "+353876794786", "company_name": "National Pen Promotional Products Ltd", "department": "Sales 2", "street_address1": "Bloomsbury Road,", "street_address2": "Oristown", "town_or_city": "Kells", "county": "Meath", "postcode": "na", "country": "IE", "products_total": "50.00", "delivery_cost": "10.00", "sub_total": "0.00", "net_total": "60.00", "vat": "13.80", "gross_total": "73.80", "original_cart": "", "stripe_pid": "pi_1IXuaMB0ZTqMiCfIPOvajYKM"}}, {"model": "checkout.order", "pk": 90, "fields": {"order_number": "A955085BD8DB4FCCA04EC8ACF45BD475", "user_profile": null, "date": "2021-03-22T20:43:11.768Z", "full_name": "Cathal Dolan", "email": "cathal@gizagig.com", "phone_number": "+353876794786", "company_name": "", "department": "", "street_address1": "Bloomsbury Road,", "street_address2": "Oristown", "town_or_city": "Kells", "county": "Meath", "postcode": "na", "country": "IE", "products_total": "50.00", "delivery_cost": "10.00", "sub_total": "0.00", "net_total": "60.00", "vat": "13.80", "gross_total": "73.80", "original_cart": "{\"5\": 50}", "stripe_pid": "pi_1IXuaMB0ZTqMiCfIPOvajYKM"}}, {"model": "checkout.order", "pk": 91, "fields": {"order_number": "A9440914813C4823BB735E78F45A801F", "user_profile": 1, "date": "2021-03-22T20:47:02.925Z", "full_name": "Cathal Dolan", "email": "cathal@gizagig.com", "phone_number": "+353876794786", "company_name": "National Pen Promotional Products Ltd", "department": "Sales 2", "street_address1": "Bloomsbury Road,", "street_address2": "Oristown", "town_or_city": "Kells", "county": "Meath", "postcode": "na", "country": "IE", "products_total": "18.75", "delivery_cost": "10.00", "sub_total": "0.00", "net_total": "28.75", "vat": "6.61", "gross_total": "35.36", "original_cart": "", "stripe_pid": "pi_1IXueBB0ZTqMiCfIKybnJR9U"}}, {"model": "checkout.order", "pk": 92, "fields": {"order_number": "5C3FE9E05D544C30BBE8B17E17CEA759", "user_profile": null, "date": "2021-03-22T20:47:08.564Z", "full_name": "Cathal Dolan", "email": "cathal@gizagig.com", "phone_number": "+353876794786", "company_name": "", "department": "", "street_address1": "Bloomsbury Road,", "street_address2": "Oristown", "town_or_city": "Kells", "county": "Meath", "postcode": "na", "country": "IE", "products_total": "18.75", "delivery_cost": "10.00", "sub_total": "0.00", "net_total": "28.75", "vat": "6.61", "gross_total": "35.36", "original_cart": "{\"3\": 5}", "stripe_pid": "pi_1IXueBB0ZTqMiCfIKybnJR9U"}}, {"model": "checkout.order", "pk": 93, "fields": {"order_number": "3A64424F623B4335B368496A4BB8ED8A", "user_profile": 1, "date": "2021-03-22T21:25:27.728Z", "full_name": "Cathal Dolan", "email": "cdolan1@gizagig.com", "phone_number": "1234567", "company_name": "", "department": "", "street_address1": "Bloomsbury Road,", "street_address2": "Oristown", "town_or_city": "Kells", "county": "Meath", "postcode": "Cathal Dolan", "country": "IE", "products_total": "130.00", "delivery_cost": "0.00", "sub_total": "0.00", "net_total": "130.00", "vat": "29.90", "gross_total": "159.90", "original_cart": "{\"2\": 5, \"5\": 50, \"9\": 10}", "stripe_pid": "pi_1IXvElB0ZTqMiCfIvmtveP85"}}, {"model": "checkout.order", "pk": 94, "fields": {"order_number": "6B14CD2CFC7647E3AC5178122A793C7A", "user_profile": 1, "date": "2021-03-22T21:46:54.030Z", "full_name": "Cathal Dolan", "email": "cdolan1@gizagig.com", "phone_number": "65432", "company_name": "", "department": "", "street_address1": "('Bloomsbury Road,',)", "street_address2": "('Oristown',)", "town_or_city": "('Kells',)", "county": "('Meath',)", "postcode": "Cathal Dolan", "country": "AZ", "products_total": "130.00", "delivery_cost": "0.00", "sub_total": "0.00", "net_total": "130.00", "vat": "29.90", "gross_total": "159.90", "original_cart": "{\"2\": 5, \"5\": 50, \"9\": 10}", "stripe_pid": "pi_1IXvZpB0ZTqMiCfI3fnjhtsx"}}, {"model": "checkout.order", "pk": 95, "fields": {"order_number": "428C56291D2C4D83AB882485FCC8C3EA", "user_profile": 1, "date": "2021-03-22T21:47:34.931Z", "full_name": "Cathal Dolan", "email": "cathal@gizagig.com", "phone_number": "+353876794786", "company_name": "National Pen Promotional Products Ltd", "department": "Cathal Dolan", "street_address1": "Bloomsbury Road,", "street_address2": "Oristown", "town_or_city": "Kells", "county": "Meath", "postcode": "na", "country": "BH", "products_total": "130.00", "delivery_cost": "0.00", "sub_total": "0.00", "net_total": "130.00", "vat": "29.90", "gross_total": "159.90", "original_cart": "", "stripe_pid": "pi_1IXvaeB0ZTqMiCfI3Qy36b98"}}, {"model": "checkout.order", "pk": 96, "fields": {"order_number": "68FE9BB379BF44E9BB07DAFA90EB71EA", "user_profile": 1, "date": "2021-03-22T21:47:40.580Z", "full_name": "Cathal Dolan", "email": "cathal@gizagig.com", "phone_number": "+353876794786", "company_name": "", "department": "", "street_address1": "Bloomsbury Road,", "street_address2": "Oristown", "town_or_city": "Kells", "county": "Meath", "postcode": "na", "country": "BH", "products_total": "130.00", "delivery_cost": "0.00", "sub_total": "0.00", "net_total": "130.00", "vat": "29.90", "gross_total": "159.90", "original_cart": "{\"2\": 5, \"5\": 50, \"9\": 10}", "stripe_pid": "pi_1IXvaeB0ZTqMiCfI3Qy36b98"}}, {"model": "checkout.order", "pk": 97, "fields": {"order_number": "1462F6B5C74E4C2EA56242275647C6A0", "user_profile": 1, "date": "2021-03-22T21:51:27.917Z", "full_name": "Cathal Dolan", "email": "cdolan1@gizagig.com", "phone_number": "852145", "company_name": "My old co", "department": "Cathal Dolan", "street_address1": "('Bloomsbury Road,',)", "street_address2": "('Oristown',)", "town_or_city": "('Kells',)", "county": "('Meath',)", "postcode": "Cathal Dolan", "country": "IE", "products_total": "30.00", "delivery_cost": "10.00", "sub_total": "0.00", "net_total": "40.00", "vat": "9.20", "gross_total": "49.20", "original_cart": "", "stripe_pid": "pi_1IXveMB0ZTqMiCfIWdTtSOx0"}}, {"model": "checkout.order", "pk": 98, "fields": {"order_number": "938868F0013047959CC7E4C00263A221", "user_profile": 1, "date": "2021-03-22T21:51:33.600Z", "full_name": "Cathal Dolan", "email": "cdolan1@gizagig.com", "phone_number": "852145", "company_name": "", "department": "", "street_address1": "('Bloomsbury Road,',)", "street_address2": "('Oristown',)", "town_or_city": "('Kells',)", "county": "('Meath',)", "postcode": "Cathal Dolan", "country": "IE", "products_total": "30.00", "delivery_cost": "10.00", "sub_total": "0.00", "net_total": "40.00", "vat": "9.20", "gross_total": "49.20", "original_cart": "{\"2\": 5}", "stripe_pid": "pi_1IXveMB0ZTqMiCfIWdTtSOx0"}}, {"model": "checkout.order", "pk": 99, "fields": {"order_number": "58ABFF6DE1A14BBF830C33C71CD079C3", "user_profile": 1, "date": "2021-03-22T22:28:22.158Z", "full_name": "Cathal Dolan", "email": "cathal@gizagig.com", "phone_number": "+353876794786", "company_name": "National Pen Promotional Products Ltd", "department": "Sales 2", "street_address1": "Bloomsbury Road,", "street_address2": "Oristown", "town_or_city": "Kells", "county": "Meath", "postcode": "na", "country": "IE", "products_total": "105.00", "delivery_cost": "0.00", "sub_total": "0.00", "net_total": "105.00", "vat": "24.15", "gross_total": "129.15", "original_cart": "", "stripe_pid": "pi_1IXwDvB0ZTqMiCfIYu4se0Du"}}, {"model": "checkout.order", "pk": 100, "fields": {"order_number": "8682C0DDAF3D42F1BA14F059C92006B0", "user_profile": 1, "date": "2021-03-22T22:28:27.904Z", "full_name": "Cathal Dolan", "email": "cathal@gizagig.com", "phone_number": "+353876794786", "company_name": "", "department": "", "street_address1": "Bloomsbury Road,", "street_address2": "Oristown", "town_or_city": "Kells", "county": "Meath", "postcode": "na", "country": "IE", "products_total": "105.00", "delivery_cost": "0.00", "sub_total": "0.00", "net_total": "105.00", "vat": "24.15", "gross_total": "129.15", "original_cart": "{\"2\": 5, \"1\": 25}", "stripe_pid": "pi_1IXwDvB0ZTqMiCfIYu4se0Du"}}, {"model": "checkout.order", "pk": 101, "fields": {"order_number": "EB1519F6DE9642009BA730E16EDDCAD7", "user_profile": null, "date": "2021-03-22T22:53:19.444Z", "full_name": "Cathal Dolan", "email": "cathal@gizagig.com", "phone_number": "+353876794786", "company_name": "National Pen", "department": "HR", "street_address1": "Bloomsbury Road,", "street_address2": "Oristown", "town_or_city": "Kells", "county": "Meath", "postcode": "na", "country": "IE", "products_total": "150.00", "delivery_cost": "0.00", "sub_total": "0.00", "net_total": "150.00", "vat": "34.50", "gross_total": "184.50", "original_cart": "", "stripe_pid": "pi_1IXwcIB0ZTqMiCfIddkj5ZYN"}}, {"model": "checkout.order", "pk": 102, "fields": {"order_number": "075A57DB23374B8AB9E0679208D1D35C", "user_profile": null, "date": "2021-03-22T22:53:25.243Z", "full_name": "Cathal Dolan", "email": "cathal@gizagig.com", "phone_number": "+353876794786", "company_name": "", "department": "", "street_address1": "Bloomsbury Road,", "street_address2": "Oristown", "town_or_city": "Kells", "county": "Meath", "postcode": "na", "country": "IE", "products_total": "150.00", "delivery_cost": "0.00", "sub_total": "0.00", "net_total": "150.00", "vat": "34.50", "gross_total": "184.50", "original_cart": "{\"12\": 25}", "stripe_pid": "pi_1IXwcIB0ZTqMiCfIddkj5ZYN"}}, {"model": "checkout.order", "pk": 103, "fields": {"order_number": "1B49DE866F154680B24D88F2E1085A24", "user_profile": 1, "date": "2021-03-24T12:41:04.871Z", "full_name": "Cathal Dolan", "email": "cathal@gizagig.com", "phone_number": "+353876794786", "company_name": "National Pen Promotional Products Ltd", "department": "Sales 2", "street_address1": "Bloomsbury Road,", "street_address2": "Oristown", "town_or_city": "Kells", "county": "Meath", "postcode": "na", "country": "IE", "products_total": "50.00", "delivery_cost": "10.00", "sub_total": "0.00", "net_total": "60.00", "vat": "13.80", "gross_total": "73.80", "original_cart": "", "stripe_pid": "pi_1IYW0PJokGMhDJHUDUFfENFn"}}, {"model": "checkout.order", "pk": 104, "fields": {"order_number": "C3644E6B9215466982E46ACB50E40A79", "user_profile": null, "date": "2021-03-24T12:43:07.263Z", "full_name": "Cathal Dolan", "email": "cathal@gizagig.com", "phone_number": "+353876794786", "company_name": "National Pen Promotional Products Ltd", "department": "Sales", "street_address1": "Bloomsbury Road,", "street_address2": "Oristown", "town_or_city": "Kells", "county": "Meath", "postcode": "na", "country": "IE", "products_total": "50.00", "delivery_cost": "10.00", "sub_total": "0.00", "net_total": "60.00", "vat": "13.80", "gross_total": "73.80", "original_cart": "", "stripe_pid": "pi_1IYW2zJokGMhDJHUGPTHQ8FS"}}, {"model": "checkout.order", "pk": 105, "fields": {"order_number": "E5845C41547342169843B2F1D268B1EC", "user_profile": 4, "date": "2021-03-24T12:55:57.178Z", "full_name": "Cathal 2 Dolan", "email": "cdolan2@gizagig.com", "phone_number": "+353876794786", "company_name": "My Company 2", "department": "Cats", "street_address1": "My Road", "street_address2": null, "town_or_city": "Testtown", "county": "Test Co", "postcode": "1234356", "country": "IE", "products_total": "150.00", "delivery_cost": "0.00", "sub_total": "0.00", "net_total": "150.00", "vat": "34.50", "gross_total": "184.50", "original_cart": "", "stripe_pid": "pi_1IYWCgJokGMhDJHUQ7sPxgGq"}}, {"model": "checkout.order", "pk": 106, "fields": {"order_number": "C17CAFB140EC43988AD917C0584D8530", "user_profile": 4, "date": "2021-03-24T16:50:49.289Z", "full_name": "Cathal Doolan", "email": "cdolan2@gizagig.com", "phone_number": "+353876794786", "company_name": "My Company Name 1", "department": "Me Dept 1", "street_address1": "My Road", "street_address2": null, "town_or_city": "Testtown", "county": "Test Co", "postcode": "1234356", "country": "IE", "products_total": "150.00", "delivery_cost": "0.00", "sub_total": "0.00", "net_total": "150.00", "vat": "34.50", "gross_total": "184.50", "original_cart": "", "stripe_pid": "pi_1IYZuSJokGMhDJHUQJXJzkkv"}}, {"model": "checkout.order", "pk": 107, "fields": {"order_number": "F06E90B1A78F4AD88238A12653201D66", "user_profile": 1, "date": "2021-03-24T17:00:53.593Z", "full_name": "Cathal Dolan", "email": "cdolan1@gizagig.com", "phone_number": "+353876794786", "company_name": "CDolan1 Company", "department": "CDolan1 Dept", "street_address1": "Bloomsbury Road,", "street_address2": "Oristown", "town_or_city": "Kells", "county": "Meath", "postcode": "na", "country": "IE", "products_total": "142.50", "delivery_cost": "0.00", "sub_total": "0.00", "net_total": "142.50", "vat": "32.78", "gross_total": "175.28", "original_cart": "{\"2\": 5, \"6\": 50, \"5\": 50}", "stripe_pid": "pi_1IYa47JokGMhDJHUEXTeW2X1"}}, {"model": "checkout.order", "pk": 108, "fields": {"order_number": "15458F718DF04312A3EB49BD3CC83FE6", "user_profile": 1, "date": "2021-03-24T17:01:21.100Z", "full_name": "Cathal Dolan", "email": "cdolan1@gizagig.com", "phone_number": "+353876794786", "company_name": "CDolan1 Company", "department": "CDolan1 Dept", "street_address1": "Bloomsbury Road,", "street_address2": "Oristown", "town_or_city": "Kells", "county": "Meath", "postcode": "54321", "country": "IE", "products_total": "30.00", "delivery_cost": "10.00", "sub_total": "0.00", "net_total": "40.00", "vat": "9.20", "gross_total": "49.20", "original_cart": "{\"2\": 5}", "stripe_pid": "pi_1IYa4pJokGMhDJHUzW4v0C9q"}}, {"model": "checkout.order", "pk": 109, "fields": {"order_number": "Y6QG3KQTFBBNHNV3NA9RAL", "user_profile": 4, "date": "2021-03-24T20:54:38.368Z", "full_name": "Cathal", "email": "cdolan2@gizagig.com", "phone_number": "+353876794786", "company_name": "My Co", "department": "Sales 2", "street_address1": "My Road", "street_address2": null, "town_or_city": "Testtown", "county": "Test Co", "postcode": "1234356", "country": "IE", "products_total": "160.00", "delivery_cost": "0.00", "sub_total": "0.00", "net_total": "160.00", "vat": "36.80", "gross_total": "196.80", "original_cart": "{\"6\": 50, \"13\": 5, \"9\": 10}", "stripe_pid": "pi_1IYdhuJokGMhDJHUymsR2h9p"}}, {"model": "checkout.order", "pk": 110, "fields": {"order_number": "7YPDJZ4TFPBKGQQJYO9UGP", "user_profile": 4, "date": "2021-03-24T20:55:42.115Z", "full_name": "cthjk jhgf", "email": "cdolan2@gizagig.com", "phone_number": "+353876794786", "company_name": "My Co", "department": "Sales 2", "street_address1": "My Road", "street_address2": null, "town_or_city": "Testtown", "county": "Test Co", "postcode": "1234356", "country": "IE", "products_total": "18.75", "delivery_cost": "10.00", "sub_total": "0.00", "net_total": "28.75", "vat": "6.61", "gross_total": "35.36", "original_cart": "{\"3\": 5}", "stripe_pid": "pi_1IYdjVJokGMhDJHUUhN3k9i1"}}, {"model": "checkout.order", "pk": 111, "fields": {"order_number": "JE4XUKBDMQRF729NRXZ7XY", "user_profile": 4, "date": "2021-03-24T20:57:55.856Z", "full_name": "hfcgdf", "email": "cdolan2@gizagig.com", "phone_number": "+353876794786", "company_name": "My Co", "department": "Sales 2", "street_address1": "My Road", "street_address2": null, "town_or_city": "Testtown", "county": "Test Co", "postcode": "1234356", "country": "IE", "products_total": "2500.00", "delivery_cost": "0.00", "sub_total": "0.00", "net_total": "2500.00", "vat": "575.00", "gross_total": "3075.00", "original_cart": "{\"13\": 500}", "stripe_pid": "pi_1IYdlaJokGMhDJHUVhQKsAob"}}, {"model": "checkout.order", "pk": 112, "fields": {"order_number": "3GMB2W2NJSBVUBHAOCDYTG", "user_profile": 1, "date": "2021-03-24T22:46:13.952Z", "full_name": "Cathal Dolan", "email": "cdolan1@gizagig.com", "phone_number": "+353876794786", "company_name": "CDolan1 Company", "department": "CDolan1 Dept", "street_address1": "Bloomsbury Road,", "street_address2": "Oristown", "town_or_city": "Kells", "county": "Meath", "postcode": "54321", "country": "IE", "products_total": "97.50", "delivery_cost": "10.00", "sub_total": "0.00", "net_total": "107.50", "vat": "24.72", "gross_total": "132.22", "original_cart": "{\"13\": 5, \"9\": 10}", "stripe_pid": "pi_1IYfSgJokGMhDJHUf12LPqt0"}}, {"model": "checkout.order", "pk": 113, "fields": {"order_number": "IOTTVSKJQZVKYHHVM65GLW", "user_profile": null, "date": "2021-03-24T23:28:11.307Z", "full_name": "Cathal Dolan", "email": "cathal@gizagig.com", "phone_number": "+353876794786", "company_name": "National Pen Promotional Products Ltd", "department": "ryeulk", "street_address1": "Bloomsbury Road,", "street_address2": "Oristown", "town_or_city": "Kells", "county": "Meath", "postcode": "na", "country": "IE", "products_total": "50.00", "delivery_cost": "10.00", "sub_total": "0.00", "net_total": "60.00", "vat": "13.80", "gross_total": "73.80", "original_cart": "{\"5\": 50}", "stripe_pid": "pi_1IYg7EJokGMhDJHUkdYjmwo1"}}, {"model": "checkout.order", "pk": 114, "fields": {"order_number": "KBCF8J9YSQRTNVTX2Y43JX", "user_profile": null, "date": "2021-03-25T14:23:23.486Z", "full_name": "Ailish Dolan", "email": "cathal@gizagig.com", "phone_number": "0876794786", "company_name": "egthk", "department": "ssgfhm", "street_address1": "Bloomsbury Road,", "street_address2": "Oristown", "town_or_city": "Kells", "county": "Meath", "postcode": "A82 R523", "country": "IE", "products_total": "50.00", "delivery_cost": "10.00", "sub_total": "0.00", "net_total": "60.00", "vat": "13.80", "gross_total": "73.80", "original_cart": "{\"11\": 5}", "stripe_pid": "pi_1IYu5RJokGMhDJHUF3mlmqhw"}}, {"model": "checkout.order", "pk": 115, "fields": {"order_number": "DT2UTE337CYBYCU2C3Y3DS", "user_profile": null, "date": "2021-03-25T18:37:59.970Z", "full_name": "Cathal Dolan", "email": "cathal@gizagig.com", "phone_number": "+353876794786", "company_name": "National Pen Promotional Products Ltd", "department": "Sales 2", "street_address1": "Bloomsbury Road,", "street_address2": "Oristown", "town_or_city": "Kells", "county": "Meath", "postcode": "na", "country": "IE", "products_total": "945.00", "delivery_cost": "0.00", "sub_total": "0.00", "net_total": "945.00", "vat": "217.35", "gross_total": "1162.35", "original_cart": "{\"5\": 1250, \"3\": 65}", "stripe_pid": "pi_1IYy3vJokGMhDJHUKc07mypS"}}, {"model": "checkout.order", "pk": 116, "fields": {"order_number": "MVG8MGTEX8V2PVU93WKFPS", "user_profile": 5, "date": "2021-03-25T18:48:08.590Z", "full_name": "Cathal Dolan3", "email": "cathal@gizagig.com", "phone_number": "+353876794786", "company_name": "CD3", "department": "Dept3", "street_address1": "3 Tree Street", "street_address2": null, "town_or_city": "Treetown", "county": "Three", "postcode": "333", "country": "IE", "products_total": "150.00", "delivery_cost": "0.00", "sub_total": "0.00", "net_total": "150.00", "vat": "34.50", "gross_total": "184.50", "original_cart": "{\"12\": 25}", "stripe_pid": "pi_1IYyDAJokGMhDJHUF8g602Cf"}}, {"model": "checkout.order", "pk": 117, "fields": {"order_number": "ERVPUH4DD9DTVDWKDNGNIM", "user_profile": 5, "date": "2021-03-25T18:53:34.351Z", "full_name": "Cathal Dolan 3", "email": "cdolan3@gizagig.com", "phone_number": "+353876794786", "company_name": "CD3", "department": "Dept3", "street_address1": "3 Tree Street", "street_address2": null, "town_or_city": "Treetown", "county": "Three", "postcode": "333", "country": "IE", "products_total": "97.50", "delivery_cost": "10.00", "sub_total": "0.00", "net_total": "107.50", "vat": "24.72", "gross_total": "132.22", "original_cart": "{\"13\": 5, \"5\": 50}", "stripe_pid": "pi_1IYyIsJokGMhDJHUhUJeI95C"}}, {"model": "checkout.order", "pk": 118, "fields": {"order_number": "WRIQ3PSDCQEIN8DTNBSK5H", "user_profile": null, "date": "2021-03-25T20:29:15.430Z", "full_name": "Cathal Dolan", "email": "cathal@gizagig.com", "phone_number": "+353876794786", "company_name": "National Pen Promotional Products Ltd", "department": null, "street_address1": "Bloomsbury Road,", "street_address2": "Oristown", "town_or_city": "Kells", "county": "Meath", "postcode": "na", "country": "IE", "products_total": "18.75", "delivery_cost": "10.00", "sub_total": "0.00", "net_total": "28.75", "vat": "6.61", "gross_total": "35.36", "original_cart": "{\"3\": 5}", "stripe_pid": "pi_1IYzi9JokGMhDJHUFrOSFzoG"}}, {"model": "checkout.order", "pk": 119, "fields": {"order_number": "2TDDTD7MIRNPBZ4UFRZDBJ", "user_profile": null, "date": "2021-03-25T20:36:27.637Z", "full_name": "Cathal Dolan", "email": "cathal@gizagig.com", "phone_number": "+353876794786", "company_name": "National Pen Promotional Products Ltd", "department": null, "street_address1": "Bloomsbury Road,", "street_address2": "Oristown", "town_or_city": "Kells", "county": "Meath", "postcode": "na", "country": "IE", "products_total": "47.50", "delivery_cost": "10.00", "sub_total": "0.00", "net_total": "57.50", "vat": "13.22", "gross_total": "70.72", "original_cart": "{\"13\": 5}", "stripe_pid": "pi_1IYzubJokGMhDJHUjAMkem9T"}}, {"model": "checkout.order", "pk": 120, "fields": {"order_number": "KNSDMLERMDSBGEDJLGRW2S", "user_profile": 5, "date": "2021-03-25T20:41:15.004Z", "full_name": "Cathal 3 DOlan", "email": "cdolan3@gizagig.com", "phone_number": "+353876794786", "company_name": "CD3", "department": "Dept3", "street_address1": "3 Tree Street", "street_address2": null, "town_or_city": "Treetown", "county": "Three", "postcode": "333", "country": "IE", "products_total": "50.00", "delivery_cost": "10.00", "sub_total": "0.00", "net_total": "60.00", "vat": "13.80", "gross_total": "73.80", "original_cart": "{\"9\": 10}", "stripe_pid": "pi_1IYzzBJokGMhDJHUufz7jhOI"}}, {"model": "checkout.order", "pk": 121, "fields": {"order_number": "PTWXBRYAPF2EE59STD5WTE", "user_profile": 5, "date": "2021-03-25T20:42:00.182Z", "full_name": "gklp[;", "email": "cdolan3@gizagig.com", "phone_number": "+353876794786", "company_name": "CD3", "department": "Dept3", "street_address1": "3 Tree Street", "street_address2": null, "town_or_city": "Treetown", "county": "Three", "postcode": "333", "country": "IE", "products_total": "150.00", "delivery_cost": "0.00", "sub_total": "0.00", "net_total": "150.00", "vat": "34.50", "gross_total": "184.50", "original_cart": "{\"12\": 25}", "stripe_pid": "pi_1IZ000JokGMhDJHUgnbJTXrA"}}, {"model": "checkout.order", "pk": 122, "fields": {"order_number": "GOVUWY2YAMTOZV2TNQUDRT", "user_profile": 5, "date": "2021-03-25T20:43:47.721Z", "full_name": "adfuh", "email": "cdolan3@gizagig.com", "phone_number": "+353876794786", "company_name": "CD3", "department": "Dept3", "street_address1": "3 Tree Street", "street_address2": null, "town_or_city": "Treetown", "county": "Three", "postcode": "333", "country": "IE", "products_total": "200.00", "delivery_cost": "0.00", "sub_total": "0.00", "net_total": "200.00", "vat": "46.00", "gross_total": "246.00", "original_cart": "{\"8\": 50}", "stripe_pid": "pi_1IZ01iJokGMhDJHUyM88q5oQ"}}, {"model": "checkout.order", "pk": 123, "fields": {"order_number": "YKHYXQRB7GLPMXSGQURSWF", "user_profile": null, "date": "2021-03-25T20:46:27.861Z", "full_name": "Cathal Dolan", "email": "cathal@gizagig.com", "phone_number": "+353876794786", "company_name": "National Pen Promotional Products Ltd", "department": null, "street_address1": "Bloomsbury Road,", "street_address2": "Oristown", "town_or_city": "Kells", "county": "Meath", "postcode": "na", "country": "IE", "products_total": "30.00", "delivery_cost": "10.00", "sub_total": "0.00", "net_total": "40.00", "vat": "9.20", "gross_total": "49.20", "original_cart": "{\"2\": 5}", "stripe_pid": "pi_1IZ04IJokGMhDJHU96M7G2rY"}}, {"model": "checkout.orderlineitem", "pk": 2, "fields": {"order": 15, "product": 4, "product_colour": null, "quantity": 100, "lineitem_total": "0.00"}}, {"model": "checkout.orderlineitem", "pk": 3, "fields": {"order": 16, "product": 2, "product_colour": null, "quantity": 50, "lineitem_total": "0.00"}}, {"model": "checkout.orderlineitem", "pk": 4, "fields": {"order": 17, "product": 11, "product_colour": null, "quantity": 5, "lineitem_total": "0.00"}}, {"model": "checkout.orderlineitem", "pk": 5, "fields": {"order": 18, "product": 5, "product_colour": null, "quantity": 50, "lineitem_total": "0.00"}}, {"model": "checkout.orderlineitem", "pk": 6, "fields": {"order": 19, "product": 5, "product_colour": null, "quantity": 50, "lineitem_total": "0.00"}}, {"model": "checkout.orderlineitem", "pk": 7, "fields": {"order": 20, "product": 6, "product_colour": null, "quantity": 50, "lineitem_total": "0.00"}}, {"model": "checkout.orderlineitem", "pk": 8, "fields": {"order": 21, "product": 6, "product_colour": null, "quantity": 50, "lineitem_total": "0.00"}}, {"model": "checkout.orderlineitem", "pk": 9, "fields": {"order": 22, "product": 12, "product_colour": null, "quantity": 25, "lineitem_total": "0.00"}}, {"model": "checkout.orderlineitem", "pk": 10, "fields": {"order": 23, "product": 13, "product_colour": null, "quantity": 15, "lineitem_total": "0.00"}}, {"model": "checkout.orderlineitem", "pk": 11, "fields": {"order": 24, "product": 9, "product_colour": null, "quantity": 40, "lineitem_total": "0.00"}}, {"model": "checkout.orderlineitem", "pk": 12, "fields": {"order": 25, "product": 12, "product_colour": null, "quantity": 125, "lineitem_total": "0.00"}}, {"model": "checkout.orderlineitem", "pk": 13, "fields": {"order": 25, "product": 3, "product_colour": null, "quantity": 10, "lineitem_total": "0.00"}}, {"model": "checkout.orderlineitem", "pk": 14, "fields": {"order": 26, "product": 9, "product_colour": null, "quantity": 50, "lineitem_total": "0.00"}}, {"model": "checkout.orderlineitem", "pk": 15, "fields": {"order": 26, "product": 12, "product_colour": null, "quantity": 25, "lineitem_total": "0.00"}}, {"model": "checkout.orderlineitem", "pk": 16, "fields": {"order": 27, "product": 9, "product_colour": null, "quantity": 10, "lineitem_total": "0.00"}}, {"model": "checkout.orderlineitem", "pk": 17, "fields": {"order": 27, "product": 12, "product_colour": null, "quantity": 25, "lineitem_total": "0.00"}}, {"model": "checkout.orderlineitem", "pk": 18, "fields": {"order": 28, "product": 9, "product_colour": null, "quantity": 10, "lineitem_total": "0.00"}}, {"model": "checkout.orderlineitem", "pk": 19, "fields": {"order": 29, "product": 9, "product_colour": null, "quantity": 10, "lineitem_total": "0.00"}}, {"model": "checkout.orderlineitem", "pk": 20, "fields": {"order": 30, "product": 4, "product_colour": null, "quantity": 100, "lineitem_total": "0.00"}}, {"model": "checkout.orderlineitem", "pk": 21, "fields": {"order": 31, "product": 12, "product_colour": null, "quantity": 25, "lineitem_total": "0.00"}}, {"model": "checkout.orderlineitem", "pk": 22, "fields": {"order": 32, "product": 11, "product_colour": null, "quantity": 5, "lineitem_total": "0.00"}}, {"model": "checkout.orderlineitem", "pk": 23, "fields": {"order": 33, "product": 8, "product_colour": null, "quantity": 50, "lineitem_total": "0.00"}}, {"model": "checkout.orderlineitem", "pk": 24, "fields": {"order": 34, "product": 9, "product_colour": null, "quantity": 10, "lineitem_total": "0.00"}}, {"model": "checkout.orderlineitem", "pk": 25, "fields": {"order": 35, "product": 2, "product_colour": null, "quantity": 5, "lineitem_total": "0.00"}}, {"model": "checkout.orderlineitem", "pk": 26, "fields": {"order": 38, "product": 9, "product_colour": null, "quantity": 10, "lineitem_total": "0.00"}}, {"model": "checkout.orderlineitem", "pk": 27, "fields": {"order": 38, "product": 12, "product_colour": null, "quantity": 25, "lineitem_total": "0.00"}}, {"model": "checkout.orderlineitem", "pk": 28, "fields": {"order": 39, "product": 13, "product_colour": null, "quantity": 5, "lineitem_total": "0.00"}}, {"model": "checkout.orderlineitem", "pk": 29, "fields": {"order": 40, "product": 12, "product_colour": null, "quantity": 25, "lineitem_total": "0.00"}}, {"model": "checkout.orderlineitem", "pk": 30, "fields": {"order": 41, "product": 9, "product_colour": null, "quantity": 10, "lineitem_total": "0.00"}}, {"model": "checkout.orderlineitem", "pk": 31, "fields": {"order": 42, "product": 1, "product_colour": null, "quantity": 5, "lineitem_total": "50.00"}}, {"model": "checkout.orderlineitem", "pk": 32, "fields": {"order": 43, "product": 1, "product_colour": null, "quantity": 10, "lineitem_total": "120.00"}}, {"model": "checkout.orderlineitem", "pk": 33, "fields": {"order": 47, "product": 12, "product_colour": null, "quantity": 25, "lineitem_total": "150.00"}}, {"model": "checkout.orderlineitem", "pk": 34, "fields": {"order": 48, "product": 5, "product_colour": null, "quantity": 50, "lineitem_total": "50.00"}}, {"model": "checkout.orderlineitem", "pk": 35, "fields": {"order": 49, "product": 2, "product_colour": null, "quantity": 25, "lineitem_total": "112.50"}}, {"model": "checkout.orderlineitem", "pk": 36, "fields": {"order": 49, "product": 13, "product_colour": null, "quantity": 5, "lineitem_total": "47.50"}}, {"model": "checkout.orderlineitem", "pk": 37, "fields": {"order": 50, "product": 5, "product_colour": null, "quantity": 100, "lineitem_total": "90.00"}}, {"model": "checkout.orderlineitem", "pk": 38, "fields": {"order": 51, "product": 5, "product_colour": null, "quantity": 50, "lineitem_total": "50.00"}}, {"model": "checkout.orderlineitem", "pk": 39, "fields": {"order": 52, "product": 6, "product_colour": null, "quantity": 50, "lineitem_total": "62.50"}}, {"model": "checkout.orderlineitem", "pk": 40, "fields": {"order": 53, "product": 12, "product_colour": null, "quantity": 25, "lineitem_total": "150.00"}}, {"model": "checkout.orderlineitem", "pk": 41, "fields": {"order": 54, "product": 12, "product_colour": null, "quantity": 25, "lineitem_total": "150.00"}}, {"model": "checkout.orderlineitem", "pk": 42, "fields": {"order": 55, "product": 3, "product_colour": null, "quantity": 10, "lineitem_total": "35.00"}}, {"model": "checkout.orderlineitem", "pk": 43, "fields": {"order": 56, "product": 3, "product_colour": null, "quantity": 10, "lineitem_total": "35.00"}}, {"model": "checkout.orderlineitem", "pk": 44, "fields": {"order": 57, "product": 2, "product_colour": null, "quantity": 10, "lineitem_total": "50.00"}}, {"model": "checkout.orderlineitem", "pk": 45, "fields": {"order": 58, "product": 5, "product_colour": null, "quantity": 100, "lineitem_total": "90.00"}}, {"model": "checkout.orderlineitem", "pk": 46, "fields": {"order": 59, "product": 12, "product_colour": null, "quantity": 30, "lineitem_total": "180.00"}}, {"model": "checkout.orderlineitem", "pk": 47, "fields": {"order": 60, "product": 9, "product_colour": null, "quantity": 10, "lineitem_total": "50.00"}}, {"model": "checkout.orderlineitem", "pk": 48, "fields": {"order": 61, "product": 5, "product_colour": null, "quantity": 50, "lineitem_total": "50.00"}}, {"model": "checkout.orderlineitem", "pk": 49, "fields": {"order": 62, "product": 2, "product_colour": null, "quantity": 5, "lineitem_total": "30.00"}}, {"model": "checkout.orderlineitem", "pk": 50, "fields": {"order": 63, "product": 10, "product_colour": null, "quantity": 250, "lineitem_total": "750.00"}}, {"model": "checkout.orderlineitem", "pk": 51, "fields": {"order": 64, "product": 4, "product_colour": null, "quantity": 50, "lineitem_total": "125.00"}}, {"model": "checkout.orderlineitem", "pk": 52, "fields": {"order": 65, "product": 5, "product_colour": null, "quantity": 50, "lineitem_total": "50.00"}}, {"model": "checkout.orderlineitem", "pk": 53, "fields": {"order": 66, "product": 6, "product_colour": null, "quantity": 50, "lineitem_total": "62.50"}}, {"model": "checkout.orderlineitem", "pk": 54, "fields": {"order": 67, "product": 12, "product_colour": null, "quantity": 25, "lineitem_total": "150.00"}}, {"model": "checkout.orderlineitem", "pk": 55, "fields": {"order": 68, "product": 4, "product_colour": null, "quantity": 50, "lineitem_total": "125.00"}}, {"model": "checkout.orderlineitem", "pk": 56, "fields": {"order": 69, "product": 9, "product_colour": null, "quantity": 10, "lineitem_total": "50.00"}}, {"model": "checkout.orderlineitem", "pk": 57, "fields": {"order": 70, "product": 12, "product_colour": null, "quantity": 500, "lineitem_total": "1000.00"}}, {"model": "checkout.orderlineitem", "pk": 58, "fields": {"order": 71, "product": 5, "product_colour": null, "quantity": 350, "lineitem_total": "280.00"}}, {"model": "checkout.orderlineitem", "pk": 59, "fields": {"order": 71, "product": 4, "product_colour": null, "quantity": 100, "lineitem_total": "225.00"}}, {"model": "checkout.orderlineitem", "pk": 60, "fields": {"order": 71, "product": 9, "product_colour": null, "quantity": 10, "lineitem_total": "50.00"}}, {"model": "checkout.orderlineitem", "pk": 61, "fields": {"order": 72, "product": 4, "product_colour": null, "quantity": 5000, "lineitem_total": "6250.00"}}, {"model": "checkout.orderlineitem", "pk": 62, "fields": {"order": 73, "product": 2, "product_colour": null, "quantity": 500, "lineitem_total": "1500.00"}}, {"model": "checkout.orderlineitem", "pk": 63, "fields": {"order": 74, "product": 8, "product_colour": null, "quantity": 1000, "lineitem_total": "3000.00"}}, {"model": "checkout.orderlineitem", "pk": 64, "fields": {"order": 75, "product": 9, "product_colour": null, "quantity": 110, "lineitem_total": "440.00"}}, {"model": "checkout.orderlineitem", "pk": 65, "fields": {"order": 76, "product": 9, "product_colour": null, "quantity": 110, "lineitem_total": "440.00"}}, {"model": "checkout.orderlineitem", "pk": 66, "fields": {"order": 77, "product": 8, "product_colour": null, "quantity": 1000, "lineitem_total": "3000.00"}}, {"model": "checkout.orderlineitem", "pk": 67, "fields": {"order": 78, "product": 3, "product_colour": null, "quantity": 5, "lineitem_total": "18.75"}}, {"model": "checkout.orderlineitem", "pk": 68, "fields": {"order": 79, "product": 3, "product_colour": null, "quantity": 5, "lineitem_total": "18.75"}}, {"model": "checkout.orderlineitem", "pk": 69, "fields": {"order": 80, "product": 4, "product_colour": null, "quantity": 400, "lineitem_total": "800.00"}}, {"model": "checkout.orderlineitem", "pk": 70, "fields": {"order": 81, "product": 4, "product_colour": null, "quantity": 400, "lineitem_total": "800.00"}}, {"model": "checkout.orderlineitem", "pk": 71, "fields": {"order": 81, "product": 12, "product_colour": null, "quantity": 250, "lineitem_total": "750.00"}}, {"model": "checkout.orderlineitem", "pk": 72, "fields": {"order": 82, "product": 4, "product_colour": null, "quantity": 1400, "lineitem_total": "1750.00"}}, {"model": "checkout.orderlineitem", "pk": 73, "fields": {"order": 82, "product": 12, "product_colour": null, "quantity": 250, "lineitem_total": "750.00"}}, {"model": "checkout.orderlineitem", "pk": 74, "fields": {"order": 83, "product": 4, "product_colour": null, "quantity": 1400, "lineitem_total": "1750.00"}}, {"model": "checkout.orderlineitem", "pk": 75, "fields": {"order": 83, "product": 12, "product_colour": null, "quantity": 250, "lineitem_total": "750.00"}}, {"model": "checkout.orderlineitem", "pk": 76, "fields": {"order": 84, "product": 4, "product_colour": null, "quantity": 50, "lineitem_total": "125.00"}}, {"model": "checkout.orderlineitem", "pk": 77, "fields": {"order": 85, "product": 4, "product_colour": null, "quantity": 50, "lineitem_total": "125.00"}}, {"model": "checkout.orderlineitem", "pk": 78, "fields": {"order": 86, "product": 4, "product_colour": null, "quantity": 50, "lineitem_total": "125.00"}}, {"model": "checkout.orderlineitem", "pk": 79, "fields": {"order": 87, "product": 12, "product_colour": null, "quantity": 25, "lineitem_total": "150.00"}}, {"model": "checkout.orderlineitem", "pk": 80, "fields": {"order": 88, "product": 12, "product_colour": null, "quantity": 25, "lineitem_total": "150.00"}}, {"model": "checkout.orderlineitem", "pk": 81, "fields": {"order": 89, "product": 5, "product_colour": null, "quantity": 50, "lineitem_total": "50.00"}}, {"model": "checkout.orderlineitem", "pk": 82, "fields": {"order": 90, "product": 5, "product_colour": null, "quantity": 50, "lineitem_total": "50.00"}}, {"model": "checkout.orderlineitem", "pk": 83, "fields": {"order": 91, "product": 3, "product_colour": null, "quantity": 5, "lineitem_total": "18.75"}}, {"model": "checkout.orderlineitem", "pk": 84, "fields": {"order": 92, "product": 3, "product_colour": null, "quantity": 5, "lineitem_total": "18.75"}}, {"model": "checkout.orderlineitem", "pk": 85, "fields": {"order": 93, "product": 2, "product_colour": null, "quantity": 5, "lineitem_total": "30.00"}}, {"model": "checkout.orderlineitem", "pk": 86, "fields": {"order": 93, "product": 5, "product_colour": null, "quantity": 50, "lineitem_total": "50.00"}}, {"model": "checkout.orderlineitem", "pk": 87, "fields": {"order": 93, "product": 9, "product_colour": null, "quantity": 10, "lineitem_total": "50.00"}}, {"model": "checkout.orderlineitem", "pk": 88, "fields": {"order": 94, "product": 2, "product_colour": null, "quantity": 5, "lineitem_total": "30.00"}}, {"model": "checkout.orderlineitem", "pk": 89, "fields": {"order": 94, "product": 5, "product_colour": null, "quantity": 50, "lineitem_total": "50.00"}}, {"model": "checkout.orderlineitem", "pk": 90, "fields": {"order": 94, "product": 9, "product_colour": null, "quantity": 10, "lineitem_total": "50.00"}}, {"model": "checkout.orderlineitem", "pk": 91, "fields": {"order": 95, "product": 2, "product_colour": null, "quantity": 5, "lineitem_total": "30.00"}}, {"model": "checkout.orderlineitem", "pk": 92, "fields": {"order": 95, "product": 5, "product_colour": null, "quantity": 50, "lineitem_total": "50.00"}}, {"model": "checkout.orderlineitem", "pk": 93, "fields": {"order": 95, "product": 9, "product_colour": null, "quantity": 10, "lineitem_total": "50.00"}}, {"model": "checkout.orderlineitem", "pk": 94, "fields": {"order": 96, "product": 2, "product_colour": null, "quantity": 5, "lineitem_total": "30.00"}}, {"model": "checkout.orderlineitem", "pk": 95, "fields": {"order": 96, "product": 5, "product_colour": null, "quantity": 50, "lineitem_total": "50.00"}}, {"model": "checkout.orderlineitem", "pk": 96, "fields": {"order": 96, "product": 9, "product_colour": null, "quantity": 10, "lineitem_total": "50.00"}}, {"model": "checkout.orderlineitem", "pk": 97, "fields": {"order": 97, "product": 2, "product_colour": null, "quantity": 5, "lineitem_total": "30.00"}}, {"model": "checkout.orderlineitem", "pk": 98, "fields": {"order": 98, "product": 2, "product_colour": null, "quantity": 5, "lineitem_total": "30.00"}}, {"model": "checkout.orderlineitem", "pk": 99, "fields": {"order": 99, "product": 2, "product_colour": null, "quantity": 5, "lineitem_total": "30.00"}}, {"model": "checkout.orderlineitem", "pk": 100, "fields": {"order": 99, "product": 1, "product_colour": null, "quantity": 25, "lineitem_total": "75.00"}}, {"model": "checkout.orderlineitem", "pk": 101, "fields": {"order": 100, "product": 2, "product_colour": null, "quantity": 5, "lineitem_total": "30.00"}}, {"model": "checkout.orderlineitem", "pk": 102, "fields": {"order": 100, "product": 1, "product_colour": null, "quantity": 25, "lineitem_total": "75.00"}}, {"model": "checkout.orderlineitem", "pk": 103, "fields": {"order": 101, "product": 12, "product_colour": null, "quantity": 25, "lineitem_total": "150.00"}}, {"model": "checkout.orderlineitem", "pk": 104, "fields": {"order": 102, "product": 12, "product_colour": null, "quantity": 25, "lineitem_total": "150.00"}}, {"model": "checkout.orderlineitem", "pk": 105, "fields": {"order": 103, "product": 9, "product_colour": null, "quantity": 10, "lineitem_total": "50.00"}}, {"model": "checkout.orderlineitem", "pk": 106, "fields": {"order": 104, "product": 9, "product_colour": null, "quantity": 10, "lineitem_total": "50.00"}}, {"model": "checkout.orderlineitem", "pk": 107, "fields": {"order": 105, "product": 12, "product_colour": null, "quantity": 25, "lineitem_total": "150.00"}}, {"model": "checkout.orderlineitem", "pk": 108, "fields": {"order": 106, "product": 12, "product_colour": null, "quantity": 25, "lineitem_total": "150.00"}}, {"model": "checkout.orderlineitem", "pk": 109, "fields": {"order": 107, "product": 2, "product_colour": null, "quantity": 5, "lineitem_total": "30.00"}}, {"model": "checkout.orderlineitem", "pk": 110, "fields": {"order": 107, "product": 6, "product_colour": null, "quantity": 50, "lineitem_total": "62.50"}}, {"model": "checkout.orderlineitem", "pk": 111, "fields": {"order": 107, "product": 5, "product_colour": null, "quantity": 50, "lineitem_total": "50.00"}}, {"model": "checkout.orderlineitem", "pk": 112, "fields": {"order": 108, "product": 2, "product_colour": null, "quantity": 5, "lineitem_total": "30.00"}}, {"model": "checkout.orderlineitem", "pk": 113, "fields": {"order": 109, "product": 6, "product_colour": null, "quantity": 50, "lineitem_total": "62.50"}}, {"model": "checkout.orderlineitem", "pk": 114, "fields": {"order": 109, "product": 13, "product_colour": null, "quantity": 5, "lineitem_total": "47.50"}}, {"model": "checkout.orderlineitem", "pk": 115, "fields": {"order": 109, "product": 9, "product_colour": null, "quantity": 10, "lineitem_total": "50.00"}}, {"model": "checkout.orderlineitem", "pk": 116, "fields": {"order": 110, "product": 3, "product_colour": null, "quantity": 5, "lineitem_total": "18.75"}}, {"model": "checkout.orderlineitem", "pk": 117, "fields": {"order": 111, "product": 13, "product_colour": null, "quantity": 500, "lineitem_total": "2500.00"}}, {"model": "checkout.orderlineitem", "pk": 118, "fields": {"order": 112, "product": 13, "product_colour": null, "quantity": 5, "lineitem_total": "47.50"}}, {"model": "checkout.orderlineitem", "pk": 119, "fields": {"order": 112, "product": 9, "product_colour": null, "quantity": 10, "lineitem_total": "50.00"}}, {"model": "checkout.orderlineitem", "pk": 120, "fields": {"order": 113, "product": 5, "product_colour": null, "quantity": 50, "lineitem_total": "50.00"}}, {"model": "checkout.orderlineitem", "pk": 121, "fields": {"order": 114, "product": 11, "product_colour": null, "quantity": 5, "lineitem_total": "50.00"}}, {"model": "checkout.orderlineitem", "pk": 122, "fields": {"order": 115, "product": 5, "product_colour": null, "quantity": 1250, "lineitem_total": "750.00"}}, {"model": "checkout.orderlineitem", "pk": 123, "fields": {"order": 115, "product": 3, "product_colour": null, "quantity": 65, "lineitem_total": "195.00"}}, {"model": "checkout.orderlineitem", "pk": 124, "fields": {"order": 116, "product": 12, "product_colour": null, "quantity": 25, "lineitem_total": "150.00"}}, {"model": "checkout.orderlineitem", "pk": 125, "fields": {"order": 117, "product": 13, "product_colour": null, "quantity": 5, "lineitem_total": "47.50"}}, {"model": "checkout.orderlineitem", "pk": 126, "fields": {"order": 117, "product": 5, "product_colour": null, "quantity": 50, "lineitem_total": "50.00"}}, {"model": "checkout.orderlineitem", "pk": 127, "fields": {"order": 118, "product": 3, "product_colour": null, "quantity": 5, "lineitem_total": "18.75"}}, {"model": "checkout.orderlineitem", "pk": 128, "fields": {"order": 119, "product": 13, "product_colour": null, "quantity": 5, "lineitem_total": "47.50"}}, {"model": "checkout.orderlineitem", "pk": 129, "fields": {"order": 120, "product": 9, "product_colour": null, "quantity": 10, "lineitem_total": "50.00"}}, {"model": "checkout.orderlineitem", "pk": 130, "fields": {"order": 121, "product": 12, "product_colour": null, "quantity": 25, "lineitem_total": "150.00"}}, {"model": "checkout.orderlineitem", "pk": 131, "fields": {"order": 122, "product": 8, "product_colour": null, "quantity": 50, "lineitem_total": "200.00"}}, {"model": "checkout.orderlineitem", "pk": 132, "fields": {"order": 123, "product": 2, "product_colour": null, "quantity": 5, "lineitem_total": "30.00"}}, {"model": "profiles.userprofile", "pk": 1, "fields": {"user": 3, "default_phone_number": "+353876794786", "default_company_name": "CDolan1 Company", "default_department": "CDolan1 Dept", "default_street_address1": "Bloomsbury Road,", "default_street_address2": "Oristown", "default_town_or_city": "Kells", "default_county": "Meath", "default_postcode": "54321", "default_country": "IE"}}, {"model": "profiles.userprofile", "pk": 2, "fields": {"user": 4, "default_phone_number": null, "default_company_name": null, "default_department": null, "default_street_address1": null, "default_street_address2": null, "default_town_or_city": null, "default_county": null, "default_postcode": null, "default_country": null}}, {"model": "profiles.userprofile", "pk": 3, "fields": {"user": 5, "default_phone_number": null, "default_company_name": null, "default_department": null, "default_street_address1": null, "default_street_address2": null, "default_town_or_city": null, "default_county": null, "default_postcode": null, "default_country": null}}, {"model": "profiles.userprofile", "pk": 4, "fields": {"user": 6, "default_phone_number": "+353876794786", "default_company_name": "My Co", "default_department": "Sales 2", "default_street_address1": "My Road", "default_street_address2": null, "default_town_or_city": "Testtown", "default_county": "Test Co", "default_postcode": "1234356", "default_country": "IE"}}, {"model": "profiles.userprofile", "pk": 5, "fields": {"user": 7, "default_phone_number": "+353876794786", "default_company_name": "CD3", "default_department": "Dept3", "default_street_address1": "3 Tree Street", "default_street_address2": null, "default_town_or_city": "Treetown", "default_county": "Three", "default_postcode": "333", "default_country": "IE"}}]